ID,activity0001,NpcID,npc001,Date,Mon,StartTime,0:00,Place,Clothing
ID,activity0002,NpcID,npc001,Date,Mon,StartTime,8:30,Place,Secret
ID,activity0003,NpcID,npc001,Date,Mon,StartTime,8:50,Place,University
ID,activity0004,NpcID,npc001,Date,Mon,StartTime,9:10,Place,University
ID,activity0005,NpcID,npc001,Date,Mon,StartTime,10:30,Place,University
ID,activity0006,NpcID,npc001,Date,Mon,StartTime,10:40,Place,University
ID,activity0007,NpcID,npc001,Date,Mon,StartTime,12:30,Place,University
ID,activity0008,NpcID,npc001,Date,Mon,StartTime,12:40,Place,Secret
ID,activity0009,NpcID,npc001,Date,Mon,StartTime,13:00,Place,Food
ID,activity0010,NpcID,npc001,Date,Mon,StartTime,13:30,Place,Secret
ID,activity0011,NpcID,npc001,Date,Mon,StartTime,13:50,Place,Park
ID,activity0012,NpcID,npc001,Date,Mon,StartTime,14:30,Place,Secret
ID,activity0013,NpcID,npc001,Date,Mon,StartTime,14:40,Place,Food
ID,activity0014,NpcID,npc001,Date,Mon,StartTime,15:00,Place,Secret
ID,activity0015,NpcID,npc001,Date,Mon,StartTime,15:20,Place,University
ID,activity0016,NpcID,npc001,Date,Mon,StartTime,18:00,Place,Secret
ID,activity0017,NpcID,npc001,Date,Mon,StartTime,18:10,Place,Food
ID,activity0018,NpcID,npc001,Date,Mon,StartTime,18:30,Place,Secret
ID,activity0019,NpcID,npc001,Date,Mon,StartTime,18:40,Place,Clothing
ID,activity0020,NpcID,npc001,Date,Mon,StartTime,21:00,Place,Secret
ID,activity0021,NpcID,npc001,Date,Mon,StartTime,21:30,Place,Clothing
ID,activity0022,NpcID,npc001,Date,Mon,StartTime,23:50,Place,Clothing
ID,activity0023,NpcID,npc001,Date,Tue,StartTime,0:00,Place,Clothing
ID,activity0024,NpcID,npc001,Date,Tue,StartTime,8:30,Place,Secret
ID,activity0025,NpcID,npc001,Date,Tue,StartTime,8:50,Place,University
ID,activity0026,NpcID,npc001,Date,Tue,StartTime,9:10,Place,University
ID,activity0027,NpcID,npc001,Date,Tue,StartTime,10:30,Place,University
ID,activity0028,NpcID,npc001,Date,Tue,StartTime,10:40,Place,University
ID,activity0029,NpcID,npc001,Date,Tue,StartTime,12:30,Place,University
ID,activity0030,NpcID,npc001,Date,Tue,StartTime,12:40,Place,Secret
ID,activity0031,NpcID,npc001,Date,Tue,StartTime,13:00,Place,Food
ID,activity0032,NpcID,npc001,Date,Tue,StartTime,13:30,Place,Secret
ID,activity0033,NpcID,npc001,Date,Tue,StartTime,13:50,Place,Park
ID,activity0034,NpcID,npc001,Date,Tue,StartTime,14:30,Place,Secret
ID,activity0035,NpcID,npc001,Date,Tue,StartTime,14:40,Place,Food
ID,activity0036,NpcID,npc001,Date,Tue,StartTime,15:00,Place,Secret
ID,activity0037,NpcID,npc001,Date,Tue,StartTime,15:20,Place,University
ID,activity0038,NpcID,npc001,Date,Tue,StartTime,18:00,Place,Secret
ID,activity0039,NpcID,npc001,Date,Tue,StartTime,18:10,Place,Food
ID,activity0040,NpcID,npc001,Date,Tue,StartTime,18:30,Place,Secret
ID,activity0041,NpcID,npc001,Date,Tue,StartTime,18:40,Place,Clothing
ID,activity0042,NpcID,npc001,Date,Tue,StartTime,21:00,Place,Secret
ID,activity0043,NpcID,npc001,Date,Tue,StartTime,21:30,Place,Clothing
ID,activity0044,NpcID,npc001,Date,Tue,StartTime,23:50,Place,Clothing
ID,activity0045,NpcID,npc001,Date,Wed,StartTime,0:00,Place,Clothing
ID,activity0046,NpcID,npc001,Date,Wed,StartTime,8:30,Place,Secret
ID,activity0047,NpcID,npc001,Date,Wed,StartTime,8:50,Place,University
ID,activity0048,NpcID,npc001,Date,Wed,StartTime,9:10,Place,University
ID,activity0049,NpcID,npc001,Date,Wed,StartTime,10:30,Place,University
ID,activity0050,NpcID,npc001,Date,Wed,StartTime,10:40,Place,University
ID,activity0051,NpcID,npc001,Date,Wed,StartTime,12:30,Place,University
ID,activity0052,NpcID,npc001,Date,Wed,StartTime,12:40,Place,Secret
ID,activity0053,NpcID,npc001,Date,Wed,StartTime,13:00,Place,Food
ID,activity0054,NpcID,npc001,Date,Wed,StartTime,13:30,Place,Secret
ID,activity0055,NpcID,npc001,Date,Wed,StartTime,13:50,Place,Park
ID,activity0056,NpcID,npc001,Date,Wed,StartTime,14:30,Place,Secret
ID,activity0057,NpcID,npc001,Date,Wed,StartTime,14:40,Place,Food
ID,activity0058,NpcID,npc001,Date,Wed,StartTime,15:00,Place,Secret
ID,activity0059,NpcID,npc001,Date,Wed,StartTime,15:20,Place,University
ID,activity0060,NpcID,npc001,Date,Wed,StartTime,18:00,Place,Secret
ID,activity0061,NpcID,npc001,Date,Wed,StartTime,18:10,Place,Food
ID,activity0062,NpcID,npc001,Date,Wed,StartTime,18:30,Place,Secret
ID,activity0063,NpcID,npc001,Date,Wed,StartTime,18:40,Place,Clothing
ID,activity0064,NpcID,npc001,Date,Wed,StartTime,21:00,Place,Secret
ID,activity0065,NpcID,npc001,Date,Wed,StartTime,21:30,Place,Clothing
ID,activity0066,NpcID,npc001,Date,Wed,StartTime,23:50,Place,Clothing
ID,activity0067,NpcID,npc001,Date,Thu,StartTime,0:00,Place,Clothing
ID,activity0068,NpcID,npc001,Date,Thu,StartTime,8:30,Place,Secret
ID,activity0069,NpcID,npc001,Date,Thu,StartTime,8:50,Place,University
ID,activity0070,NpcID,npc001,Date,Thu,StartTime,9:10,Place,University
ID,activity0071,NpcID,npc001,Date,Thu,StartTime,10:30,Place,University
ID,activity0072,NpcID,npc001,Date,Thu,StartTime,10:40,Place,University
ID,activity0073,NpcID,npc001,Date,Thu,StartTime,12:30,Place,University
ID,activity0074,NpcID,npc001,Date,Thu,StartTime,12:40,Place,Secret
ID,activity0075,NpcID,npc001,Date,Thu,StartTime,13:00,Place,Food
ID,activity0076,NpcID,npc001,Date,Thu,StartTime,13:30,Place,Secret
ID,activity0077,NpcID,npc001,Date,Thu,StartTime,13:50,Place,Park
ID,activity0078,NpcID,npc001,Date,Thu,StartTime,14:30,Place,Secret
ID,activity0079,NpcID,npc001,Date,Thu,StartTime,14:40,Place,Food
ID,activity0080,NpcID,npc001,Date,Thu,StartTime,15:00,Place,Secret
ID,activity0081,NpcID,npc001,Date,Thu,StartTime,15:20,Place,University
ID,activity0082,NpcID,npc001,Date,Thu,StartTime,18:00,Place,Secret
ID,activity0083,NpcID,npc001,Date,Thu,StartTime,18:10,Place,Food
ID,activity0084,NpcID,npc001,Date,Thu,StartTime,18:30,Place,Secret
ID,activity0085,NpcID,npc001,Date,Thu,StartTime,18:40,Place,Clothing
ID,activity0086,NpcID,npc001,Date,Thu,StartTime,21:00,Place,Secret
ID,activity0087,NpcID,npc001,Date,Thu,StartTime,21:30,Place,Clothing
ID,activity0088,NpcID,npc001,Date,Thu,StartTime,23:50,Place,Clothing
ID,activity0089,NpcID,npc001,Date,Fri,StartTime,0:00,Place,Clothing
ID,activity0090,NpcID,npc001,Date,Fri,StartTime,8:30,Place,Secret
ID,activity0091,NpcID,npc001,Date,Fri,StartTime,8:50,Place,University
ID,activity0092,NpcID,npc001,Date,Fri,StartTime,9:10,Place,University
ID,activity0093,NpcID,npc001,Date,Fri,StartTime,10:30,Place,University
ID,activity0094,NpcID,npc001,Date,Fri,StartTime,10:40,Place,University
ID,activity0095,NpcID,npc001,Date,Fri,StartTime,12:30,Place,University
ID,activity0096,NpcID,npc001,Date,Fri,StartTime,12:40,Place,Secret
ID,activity0097,NpcID,npc001,Date,Fri,StartTime,13:00,Place,Food
ID,activity0098,NpcID,npc001,Date,Fri,StartTime,13:30,Place,Secret
ID,activity0099,NpcID,npc001,Date,Fri,StartTime,13:50,Place,Park
ID,activity0100,NpcID,npc001,Date,Fri,StartTime,14:30,Place,Secret
ID,activity0101,NpcID,npc001,Date,Fri,StartTime,14:40,Place,Food
ID,activity0102,NpcID,npc001,Date,Fri,StartTime,15:00,Place,Secret
ID,activity0103,NpcID,npc001,Date,Fri,StartTime,15:20,Place,University
ID,activity0104,NpcID,npc001,Date,Fri,StartTime,18:00,Place,Secret
ID,activity0105,NpcID,npc001,Date,Fri,StartTime,18:10,Place,Food
ID,activity0106,NpcID,npc001,Date,Fri,StartTime,18:30,Place,Secret
ID,activity0107,NpcID,npc001,Date,Fri,StartTime,18:40,Place,Clothing
ID,activity0108,NpcID,npc001,Date,Fri,StartTime,21:00,Place,Secret
ID,activity0109,NpcID,npc001,Date,Fri,StartTime,21:30,Place,Clothing
ID,activity0110,NpcID,npc001,Date,Fri,StartTime,23:50,Place,Clothing
ID,activity0111,NpcID,npc001,Date,Sat,StartTime,0:00,Place,Clothing
ID,activity0112,NpcID,npc001,Date,Sat,StartTime,8:30,Place,Secret
ID,activity0113,NpcID,npc001,Date,Sat,StartTime,8:50,Place,University
ID,activity0114,NpcID,npc001,Date,Sat,StartTime,9:10,Place,University
ID,activity0115,NpcID,npc001,Date,Sat,StartTime,10:30,Place,University
ID,activity0116,NpcID,npc001,Date,Sat,StartTime,10:40,Place,University
ID,activity0117,NpcID,npc001,Date,Sat,StartTime,12:30,Place,University
ID,activity0118,NpcID,npc001,Date,Sat,StartTime,12:40,Place,Secret
ID,activity0119,NpcID,npc001,Date,Sat,StartTime,13:00,Place,Food
ID,activity0120,NpcID,npc001,Date,Sat,StartTime,13:30,Place,Secret
ID,activity0121,NpcID,npc001,Date,Sat,StartTime,13:50,Place,Park
ID,activity0122,NpcID,npc001,Date,Sat,StartTime,14:30,Place,Secret
ID,activity0123,NpcID,npc001,Date,Sat,StartTime,14:40,Place,Food
ID,activity0124,NpcID,npc001,Date,Sat,StartTime,15:00,Place,Secret
ID,activity0125,NpcID,npc001,Date,Sat,StartTime,15:20,Place,University
ID,activity0126,NpcID,npc001,Date,Sat,StartTime,18:00,Place,Secret
ID,activity0127,NpcID,npc001,Date,Sat,StartTime,18:10,Place,Food
ID,activity0128,NpcID,npc001,Date,Sat,StartTime,18:30,Place,Secret
ID,activity0129,NpcID,npc001,Date,Sat,StartTime,18:40,Place,Clothing
ID,activity0130,NpcID,npc001,Date,Sat,StartTime,21:00,Place,Secret
ID,activity0131,NpcID,npc001,Date,Sat,StartTime,21:30,Place,Clothing
ID,activity0132,NpcID,npc001,Date,Sat,StartTime,23:50,Place,Clothing
ID,activity0133,NpcID,npc001,Date,Sun,StartTime,0:00,Place,Clothing
ID,activity0134,NpcID,npc001,Date,Sun,StartTime,8:30,Place,Secret
ID,activity0135,NpcID,npc001,Date,Sun,StartTime,8:50,Place,University
ID,activity0136,NpcID,npc001,Date,Sun,StartTime,9:10,Place,University
ID,activity0137,NpcID,npc001,Date,Sun,StartTime,10:30,Place,University
ID,activity0138,NpcID,npc001,Date,Sun,StartTime,10:40,Place,University
ID,activity0139,NpcID,npc001,Date,Sun,StartTime,12:30,Place,University
ID,activity0140,NpcID,npc001,Date,Sun,StartTime,12:40,Place,Secret
ID,activity0141,NpcID,npc001,Date,Sun,StartTime,13:00,Place,Food
ID,activity0142,NpcID,npc001,Date,Sun,StartTime,13:30,Place,Secret
ID,activity0143,NpcID,npc001,Date,Sun,StartTime,13:50,Place,Park
ID,activity0144,NpcID,npc001,Date,Sun,StartTime,14:30,Place,Secret
ID,activity0145,NpcID,npc001,Date,Sun,StartTime,14:40,Place,Food
ID,activity0146,NpcID,npc001,Date,Sun,StartTime,15:00,Place,Secret
ID,activity0147,NpcID,npc001,Date,Sun,StartTime,15:20,Place,University
ID,activity0148,NpcID,npc001,Date,Sun,StartTime,18:00,Place,Secret
ID,activity0149,NpcID,npc001,Date,Sun,StartTime,18:10,Place,Food
ID,activity0150,NpcID,npc001,Date,Sun,StartTime,18:30,Place,Secret
ID,activity0151,NpcID,npc001,Date,Sun,StartTime,18:40,Place,Clothing
ID,activity0152,NpcID,npc001,Date,Sun,StartTime,21:00,Place,Secret
ID,activity0153,NpcID,npc001,Date,Sun,StartTime,21:30,Place,Clothing
ID,activity0154,NpcID,npc001,Date,Sun,StartTime,23:50,Place,Clothing
ID,activity0155,NpcID,npc002,Date,Mon,StartTime,0:00,Place,Clothing
ID,activity0156,NpcID,npc002,Date,Mon,StartTime,8:30,Place,Secret
ID,activity0157,NpcID,npc002,Date,Mon,StartTime,8:50,Place,University
ID,activity0158,NpcID,npc002,Date,Mon,StartTime,9:10,Place,University
ID,activity0159,NpcID,npc002,Date,Mon,StartTime,10:30,Place,University
ID,activity0160,NpcID,npc002,Date,Mon,StartTime,10:40,Place,University
ID,activity0161,NpcID,npc002,Date,Mon,StartTime,12:30,Place,University
ID,activity0162,NpcID,npc002,Date,Mon,StartTime,12:40,Place,Secret
ID,activity0163,NpcID,npc002,Date,Mon,StartTime,13:00,Place,Food
ID,activity0164,NpcID,npc002,Date,Mon,StartTime,13:30,Place,Secret
ID,activity0165,NpcID,npc002,Date,Mon,StartTime,13:50,Place,Park
ID,activity0166,NpcID,npc002,Date,Mon,StartTime,14:30,Place,Secret
ID,activity0167,NpcID,npc002,Date,Mon,StartTime,14:40,Place,Food
ID,activity0168,NpcID,npc002,Date,Mon,StartTime,15:00,Place,Secret
ID,activity0169,NpcID,npc002,Date,Mon,StartTime,15:20,Place,University
ID,activity0170,NpcID,npc002,Date,Mon,StartTime,18:00,Place,Secret
ID,activity0171,NpcID,npc002,Date,Mon,StartTime,18:10,Place,Food
ID,activity0172,NpcID,npc002,Date,Mon,StartTime,18:30,Place,Secret
ID,activity0173,NpcID,npc002,Date,Mon,StartTime,18:40,Place,Clothing
ID,activity0174,NpcID,npc002,Date,Mon,StartTime,21:00,Place,Secret
ID,activity0175,NpcID,npc002,Date,Mon,StartTime,21:30,Place,Clothing
ID,activity0176,NpcID,npc002,Date,Mon,StartTime,23:50,Place,Clothing
ID,activity0177,NpcID,npc002,Date,Tue,StartTime,0:00,Place,Clothing
ID,activity0178,NpcID,npc002,Date,Tue,StartTime,8:30,Place,Secret
ID,activity0179,NpcID,npc002,Date,Tue,StartTime,8:50,Place,University
ID,activity0180,NpcID,npc002,Date,Tue,StartTime,9:10,Place,University
ID,activity0181,NpcID,npc002,Date,Tue,StartTime,10:30,Place,University
ID,activity0182,NpcID,npc002,Date,Tue,StartTime,10:40,Place,University
ID,activity0183,NpcID,npc002,Date,Tue,StartTime,12:30,Place,University
ID,activity0184,NpcID,npc002,Date,Tue,StartTime,12:40,Place,Secret
ID,activity0185,NpcID,npc002,Date,Tue,StartTime,13:00,Place,Food
ID,activity0186,NpcID,npc002,Date,Tue,StartTime,13:30,Place,Secret
ID,activity0187,NpcID,npc002,Date,Tue,StartTime,13:50,Place,Park
ID,activity0188,NpcID,npc002,Date,Tue,StartTime,14:30,Place,Secret
ID,activity0189,NpcID,npc002,Date,Tue,StartTime,14:40,Place,Food
ID,activity0190,NpcID,npc002,Date,Tue,StartTime,15:00,Place,Secret
ID,activity0191,NpcID,npc002,Date,Tue,StartTime,15:20,Place,University
ID,activity0192,NpcID,npc002,Date,Tue,StartTime,18:00,Place,Secret
ID,activity0193,NpcID,npc002,Date,Tue,StartTime,18:10,Place,Food
ID,activity0194,NpcID,npc002,Date,Tue,StartTime,18:30,Place,Secret
ID,activity0195,NpcID,npc002,Date,Tue,StartTime,18:40,Place,Clothing
ID,activity0196,NpcID,npc002,Date,Tue,StartTime,21:00,Place,Secret
ID,activity0197,NpcID,npc002,Date,Tue,StartTime,21:30,Place,Clothing
ID,activity0198,NpcID,npc002,Date,Tue,StartTime,23:50,Place,Clothing
ID,activity0199,NpcID,npc002,Date,Wed,StartTime,0:00,Place,Clothing
ID,activity0200,NpcID,npc002,Date,Wed,StartTime,8:30,Place,Secret
ID,activity0201,NpcID,npc002,Date,Wed,StartTime,8:50,Place,University
ID,activity0202,NpcID,npc002,Date,Wed,StartTime,9:10,Place,University
ID,activity0203,NpcID,npc002,Date,Wed,StartTime,10:30,Place,University
ID,activity0204,NpcID,npc002,Date,Wed,StartTime,10:40,Place,University
ID,activity0205,NpcID,npc002,Date,Wed,StartTime,12:30,Place,University
ID,activity0206,NpcID,npc002,Date,Wed,StartTime,12:40,Place,Secret
ID,activity0207,NpcID,npc002,Date,Wed,StartTime,13:00,Place,Food
ID,activity0208,NpcID,npc002,Date,Wed,StartTime,13:30,Place,Secret
ID,activity0209,NpcID,npc002,Date,Wed,StartTime,13:50,Place,Park
ID,activity0210,NpcID,npc002,Date,Wed,StartTime,14:30,Place,Secret
ID,activity0211,NpcID,npc002,Date,Wed,StartTime,14:40,Place,Food
ID,activity0212,NpcID,npc002,Date,Wed,StartTime,15:00,Place,Secret
ID,activity0213,NpcID,npc002,Date,Wed,StartTime,15:20,Place,University
ID,activity0214,NpcID,npc002,Date,Wed,StartTime,18:00,Place,Secret
ID,activity0215,NpcID,npc002,Date,Wed,StartTime,18:10,Place,Food
ID,activity0216,NpcID,npc002,Date,Wed,StartTime,18:30,Place,Secret
ID,activity0217,NpcID,npc002,Date,Wed,StartTime,18:40,Place,Clothing
ID,activity0218,NpcID,npc002,Date,Wed,StartTime,21:00,Place,Secret
ID,activity0219,NpcID,npc002,Date,Wed,StartTime,21:30,Place,Clothing
ID,activity0220,NpcID,npc002,Date,Wed,StartTime,23:50,Place,Clothing
ID,activity0221,NpcID,npc002,Date,Thu,StartTime,0:00,Place,Clothing
ID,activity0222,NpcID,npc002,Date,Thu,StartTime,8:30,Place,Secret
ID,activity0223,NpcID,npc002,Date,Thu,StartTime,8:50,Place,University
ID,activity0224,NpcID,npc002,Date,Thu,StartTime,9:10,Place,University
ID,activity0225,NpcID,npc002,Date,Thu,StartTime,10:30,Place,University
ID,activity0226,NpcID,npc002,Date,Thu,StartTime,10:40,Place,University
ID,activity0227,NpcID,npc002,Date,Thu,StartTime,12:30,Place,University
ID,activity0228,NpcID,npc002,Date,Thu,StartTime,12:40,Place,Secret
ID,activity0229,NpcID,npc002,Date,Thu,StartTime,13:00,Place,Food
ID,activity0230,NpcID,npc002,Date,Thu,StartTime,13:30,Place,Secret
ID,activity0231,NpcID,npc002,Date,Thu,StartTime,13:50,Place,Park
ID,activity0232,NpcID,npc002,Date,Thu,StartTime,14:30,Place,Secret
ID,activity0233,NpcID,npc002,Date,Thu,StartTime,14:40,Place,Food
ID,activity0234,NpcID,npc002,Date,Thu,StartTime,15:00,Place,Secret
ID,activity0235,NpcID,npc002,Date,Thu,StartTime,15:20,Place,University
ID,activity0236,NpcID,npc002,Date,Thu,StartTime,18:00,Place,Secret
ID,activity0237,NpcID,npc002,Date,Thu,StartTime,18:10,Place,Food
ID,activity0238,NpcID,npc002,Date,Thu,StartTime,18:30,Place,Secret
ID,activity0239,NpcID,npc002,Date,Thu,StartTime,18:40,Place,Clothing
ID,activity0240,NpcID,npc002,Date,Thu,StartTime,21:00,Place,Secret
ID,activity0241,NpcID,npc002,Date,Thu,StartTime,21:30,Place,Clothing
ID,activity0242,NpcID,npc002,Date,Thu,StartTime,23:50,Place,Clothing
ID,activity0243,NpcID,npc002,Date,Fri,StartTime,0:00,Place,Clothing
ID,activity0244,NpcID,npc002,Date,Fri,StartTime,8:30,Place,Secret
ID,activity0245,NpcID,npc002,Date,Fri,StartTime,8:50,Place,University
ID,activity0246,NpcID,npc002,Date,Fri,StartTime,9:10,Place,University
ID,activity0247,NpcID,npc002,Date,Fri,StartTime,10:30,Place,University
ID,activity0248,NpcID,npc002,Date,Fri,StartTime,10:40,Place,University
ID,activity0249,NpcID,npc002,Date,Fri,StartTime,12:30,Place,University
ID,activity0250,NpcID,npc002,Date,Fri,StartTime,12:40,Place,Secret
ID,activity0251,NpcID,npc002,Date,Fri,StartTime,13:00,Place,Food
ID,activity0252,NpcID,npc002,Date,Fri,StartTime,13:30,Place,Secret
ID,activity0253,NpcID,npc002,Date,Fri,StartTime,13:50,Place,Park
ID,activity0254,NpcID,npc002,Date,Fri,StartTime,14:30,Place,Secret
ID,activity0255,NpcID,npc002,Date,Fri,StartTime,14:40,Place,Food
ID,activity0256,NpcID,npc002,Date,Fri,StartTime,15:00,Place,Secret
ID,activity0257,NpcID,npc002,Date,Fri,StartTime,15:20,Place,University
ID,activity0258,NpcID,npc002,Date,Fri,StartTime,18:00,Place,Secret
ID,activity0259,NpcID,npc002,Date,Fri,StartTime,18:10,Place,Food
ID,activity0260,NpcID,npc002,Date,Fri,StartTime,18:30,Place,Secret
ID,activity0261,NpcID,npc002,Date,Fri,StartTime,18:40,Place,Clothing
ID,activity0262,NpcID,npc002,Date,Fri,StartTime,21:00,Place,Secret
ID,activity0263,NpcID,npc002,Date,Fri,StartTime,21:30,Place,Clothing
ID,activity0264,NpcID,npc002,Date,Fri,StartTime,23:50,Place,Clothing
ID,activity0265,NpcID,npc002,Date,Sat,StartTime,0:00,Place,Clothing
ID,activity0266,NpcID,npc002,Date,Sat,StartTime,8:30,Place,Secret
ID,activity0267,NpcID,npc002,Date,Sat,StartTime,8:50,Place,University
ID,activity0268,NpcID,npc002,Date,Sat,StartTime,9:10,Place,University
ID,activity0269,NpcID,npc002,Date,Sat,StartTime,10:30,Place,University
ID,activity0270,NpcID,npc002,Date,Sat,StartTime,10:40,Place,University
ID,activity0271,NpcID,npc002,Date,Sat,StartTime,12:30,Place,University
ID,activity0272,NpcID,npc002,Date,Sat,StartTime,12:40,Place,Secret
ID,activity0273,NpcID,npc002,Date,Sat,StartTime,13:00,Place,Food
ID,activity0274,NpcID,npc002,Date,Sat,StartTime,13:30,Place,Secret
ID,activity0275,NpcID,npc002,Date,Sat,StartTime,13:50,Place,Park
ID,activity0276,NpcID,npc002,Date,Sat,StartTime,14:30,Place,Secret
ID,activity0277,NpcID,npc002,Date,Sat,StartTime,14:40,Place,Food
ID,activity0278,NpcID,npc002,Date,Sat,StartTime,15:00,Place,Secret
ID,activity0279,NpcID,npc002,Date,Sat,StartTime,15:20,Place,University
ID,activity0280,NpcID,npc002,Date,Sat,StartTime,18:00,Place,Secret
ID,activity0281,NpcID,npc002,Date,Sat,StartTime,18:10,Place,Food
ID,activity0282,NpcID,npc002,Date,Sat,StartTime,18:30,Place,Secret
ID,activity0283,NpcID,npc002,Date,Sat,StartTime,18:40,Place,Clothing
ID,activity0284,NpcID,npc002,Date,Sat,StartTime,21:00,Place,Secret
ID,activity0285,NpcID,npc002,Date,Sat,StartTime,21:30,Place,Clothing
ID,activity0286,NpcID,npc002,Date,Sat,StartTime,23:50,Place,Clothing
ID,activity0287,NpcID,npc002,Date,Sun,StartTime,0:00,Place,Clothing
ID,activity0288,NpcID,npc002,Date,Sun,StartTime,8:30,Place,Secret
ID,activity0289,NpcID,npc002,Date,Sun,StartTime,8:50,Place,University
ID,activity0290,NpcID,npc002,Date,Sun,StartTime,9:10,Place,University
ID,activity0291,NpcID,npc002,Date,Sun,StartTime,10:30,Place,University
ID,activity0292,NpcID,npc002,Date,Sun,StartTime,10:40,Place,University
ID,activity0293,NpcID,npc002,Date,Sun,StartTime,12:30,Place,University
ID,activity0294,NpcID,npc002,Date,Sun,StartTime,12:40,Place,Secret
ID,activity0295,NpcID,npc002,Date,Sun,StartTime,13:00,Place,Food
ID,activity0296,NpcID,npc002,Date,Sun,StartTime,13:30,Place,Secret
ID,activity0297,NpcID,npc002,Date,Sun,StartTime,13:50,Place,Park
ID,activity0298,NpcID,npc002,Date,Sun,StartTime,14:30,Place,Secret
ID,activity0299,NpcID,npc002,Date,Sun,StartTime,14:40,Place,Food
ID,activity0300,NpcID,npc002,Date,Sun,StartTime,15:00,Place,Secret
ID,activity0301,NpcID,npc002,Date,Sun,StartTime,15:20,Place,University
ID,activity0302,NpcID,npc002,Date,Sun,StartTime,18:00,Place,Secret
ID,activity0303,NpcID,npc002,Date,Sun,StartTime,18:10,Place,Food
ID,activity0304,NpcID,npc002,Date,Sun,StartTime,18:30,Place,Secret
ID,activity0305,NpcID,npc002,Date,Sun,StartTime,18:40,Place,Clothing
ID,activity0306,NpcID,npc002,Date,Sun,StartTime,21:00,Place,Secret
ID,activity0307,NpcID,npc002,Date,Sun,StartTime,21:30,Place,Clothing
ID,activity0308,NpcID,npc002,Date,Sun,StartTime,23:50,Place,Clothing
ID,activity0309,NpcID,npc003,Date,Mon,StartTime,0:00,Place,Clothing
ID,activity0310,NpcID,npc003,Date,Mon,StartTime,8:30,Place,Secret
ID,activity0311,NpcID,npc003,Date,Mon,StartTime,8:50,Place,University
ID,activity0312,NpcID,npc003,Date,Mon,StartTime,9:10,Place,University
ID,activity0313,NpcID,npc003,Date,Mon,StartTime,10:30,Place,University
ID,activity0314,NpcID,npc003,Date,Mon,StartTime,10:40,Place,University
ID,activity0315,NpcID,npc003,Date,Mon,StartTime,12:30,Place,University
ID,activity0316,NpcID,npc003,Date,Mon,StartTime,12:40,Place,Secret
ID,activity0317,NpcID,npc003,Date,Mon,StartTime,13:00,Place,Food
ID,activity0318,NpcID,npc003,Date,Mon,StartTime,13:30,Place,Secret
ID,activity0319,NpcID,npc003,Date,Mon,StartTime,13:50,Place,Park
ID,activity0320,NpcID,npc003,Date,Mon,StartTime,14:30,Place,Secret
ID,activity0321,NpcID,npc003,Date,Mon,StartTime,14:40,Place,Food
ID,activity0322,NpcID,npc003,Date,Mon,StartTime,15:00,Place,Secret
ID,activity0323,NpcID,npc003,Date,Mon,StartTime,15:20,Place,University
ID,activity0324,NpcID,npc003,Date,Mon,StartTime,18:00,Place,Secret
ID,activity0325,NpcID,npc003,Date,Mon,StartTime,18:10,Place,Food
ID,activity0326,NpcID,npc003,Date,Mon,StartTime,18:30,Place,Secret
ID,activity0327,NpcID,npc003,Date,Mon,StartTime,18:40,Place,Clothing
ID,activity0328,NpcID,npc003,Date,Mon,StartTime,21:00,Place,Secret
ID,activity0329,NpcID,npc003,Date,Mon,StartTime,21:30,Place,Clothing
ID,activity0330,NpcID,npc003,Date,Mon,StartTime,23:50,Place,Clothing
ID,activity0331,NpcID,npc003,Date,Tue,StartTime,0:00,Place,Clothing
ID,activity0332,NpcID,npc003,Date,Tue,StartTime,8:30,Place,Secret
ID,activity0333,NpcID,npc003,Date,Tue,StartTime,8:50,Place,University
ID,activity0334,NpcID,npc003,Date,Tue,StartTime,9:10,Place,University
ID,activity0335,NpcID,npc003,Date,Tue,StartTime,10:30,Place,University
ID,activity0336,NpcID,npc003,Date,Tue,StartTime,10:40,Place,University
ID,activity0337,NpcID,npc003,Date,Tue,StartTime,12:30,Place,University
ID,activity0338,NpcID,npc003,Date,Tue,StartTime,12:40,Place,Secret
ID,activity0339,NpcID,npc003,Date,Tue,StartTime,13:00,Place,Food
ID,activity0340,NpcID,npc003,Date,Tue,StartTime,13:30,Place,Secret
ID,activity0341,NpcID,npc003,Date,Tue,StartTime,13:50,Place,Park
ID,activity0342,NpcID,npc003,Date,Tue,StartTime,14:30,Place,Secret
ID,activity0343,NpcID,npc003,Date,Tue,StartTime,14:40,Place,Food
ID,activity0344,NpcID,npc003,Date,Tue,StartTime,15:00,Place,Secret
ID,activity0345,NpcID,npc003,Date,Tue,StartTime,15:20,Place,University
ID,activity0346,NpcID,npc003,Date,Tue,StartTime,18:00,Place,Secret
ID,activity0347,NpcID,npc003,Date,Tue,StartTime,18:10,Place,Food
ID,activity0348,NpcID,npc003,Date,Tue,StartTime,18:30,Place,Secret
ID,activity0349,NpcID,npc003,Date,Tue,StartTime,18:40,Place,Clothing
ID,activity0350,NpcID,npc003,Date,Tue,StartTime,21:00,Place,Secret
ID,activity0351,NpcID,npc003,Date,Tue,StartTime,21:30,Place,Clothing
ID,activity0352,NpcID,npc003,Date,Tue,StartTime,23:50,Place,Clothing
ID,activity0353,NpcID,npc003,Date,Wed,StartTime,0:00,Place,Clothing
ID,activity0354,NpcID,npc003,Date,Wed,StartTime,8:30,Place,Secret
ID,activity0355,NpcID,npc003,Date,Wed,StartTime,8:50,Place,University
ID,activity0356,NpcID,npc003,Date,Wed,StartTime,9:10,Place,University
ID,activity0357,NpcID,npc003,Date,Wed,StartTime,10:30,Place,University
ID,activity0358,NpcID,npc003,Date,Wed,StartTime,10:40,Place,University
ID,activity0359,NpcID,npc003,Date,Wed,StartTime,12:30,Place,University
ID,activity0360,NpcID,npc003,Date,Wed,StartTime,12:40,Place,Secret
ID,activity0361,NpcID,npc003,Date,Wed,StartTime,13:00,Place,Food
ID,activity0362,NpcID,npc003,Date,Wed,StartTime,13:30,Place,Secret
ID,activity0363,NpcID,npc003,Date,Wed,StartTime,13:50,Place,Park
ID,activity0364,NpcID,npc003,Date,Wed,StartTime,14:30,Place,Secret
ID,activity0365,NpcID,npc003,Date,Wed,StartTime,14:40,Place,Food
ID,activity0366,NpcID,npc003,Date,Wed,StartTime,15:00,Place,Secret
ID,activity0367,NpcID,npc003,Date,Wed,StartTime,15:20,Place,University
ID,activity0368,NpcID,npc003,Date,Wed,StartTime,18:00,Place,Secret
ID,activity0369,NpcID,npc003,Date,Wed,StartTime,18:10,Place,Food
ID,activity0370,NpcID,npc003,Date,Wed,StartTime,18:30,Place,Secret
ID,activity0371,NpcID,npc003,Date,Wed,StartTime,18:40,Place,Clothing
ID,activity0372,NpcID,npc003,Date,Wed,StartTime,21:00,Place,Secret
ID,activity0373,NpcID,npc003,Date,Wed,StartTime,21:30,Place,Clothing
ID,activity0374,NpcID,npc003,Date,Wed,StartTime,23:50,Place,Clothing
ID,activity0375,NpcID,npc003,Date,Thu,StartTime,0:00,Place,Clothing
ID,activity0376,NpcID,npc003,Date,Thu,StartTime,8:30,Place,Secret
ID,activity0377,NpcID,npc003,Date,Thu,StartTime,8:50,Place,University
ID,activity0378,NpcID,npc003,Date,Thu,StartTime,9:10,Place,University
ID,activity0379,NpcID,npc003,Date,Thu,StartTime,10:30,Place,University
ID,activity0380,NpcID,npc003,Date,Thu,StartTime,10:40,Place,University
ID,activity0381,NpcID,npc003,Date,Thu,StartTime,12:30,Place,University
ID,activity0382,NpcID,npc003,Date,Thu,StartTime,12:40,Place,Secret
ID,activity0383,NpcID,npc003,Date,Thu,StartTime,13:00,Place,Food
ID,activity0384,NpcID,npc003,Date,Thu,StartTime,13:30,Place,Secret
ID,activity0385,NpcID,npc003,Date,Thu,StartTime,13:50,Place,Park
ID,activity0386,NpcID,npc003,Date,Thu,StartTime,14:30,Place,Secret
ID,activity0387,NpcID,npc003,Date,Thu,StartTime,14:40,Place,Food
ID,activity0388,NpcID,npc003,Date,Thu,StartTime,15:00,Place,Secret
ID,activity0389,NpcID,npc003,Date,Thu,StartTime,15:20,Place,University
ID,activity0390,NpcID,npc003,Date,Thu,StartTime,18:00,Place,Secret
ID,activity0391,NpcID,npc003,Date,Thu,StartTime,18:10,Place,Food
ID,activity0392,NpcID,npc003,Date,Thu,StartTime,18:30,Place,Secret
ID,activity0393,NpcID,npc003,Date,Thu,StartTime,18:40,Place,Clothing
ID,activity0394,NpcID,npc003,Date,Thu,StartTime,21:00,Place,Secret
ID,activity0395,NpcID,npc003,Date,Thu,StartTime,21:30,Place,Clothing
ID,activity0396,NpcID,npc003,Date,Thu,StartTime,23:50,Place,Clothing
ID,activity0397,NpcID,npc003,Date,Fri,StartTime,0:00,Place,Clothing
ID,activity0398,NpcID,npc003,Date,Fri,StartTime,8:30,Place,Secret
ID,activity0399,NpcID,npc003,Date,Fri,StartTime,8:50,Place,University
ID,activity0400,NpcID,npc003,Date,Fri,StartTime,9:10,Place,University
ID,activity0401,NpcID,npc003,Date,Fri,StartTime,10:30,Place,University
ID,activity0402,NpcID,npc003,Date,Fri,StartTime,10:40,Place,University
ID,activity0403,NpcID,npc003,Date,Fri,StartTime,12:30,Place,University
ID,activity0404,NpcID,npc003,Date,Fri,StartTime,12:40,Place,Secret
ID,activity0405,NpcID,npc003,Date,Fri,StartTime,13:00,Place,Food
ID,activity0406,NpcID,npc003,Date,Fri,StartTime,13:30,Place,Secret
ID,activity0407,NpcID,npc003,Date,Fri,StartTime,13:50,Place,Park
ID,activity0408,NpcID,npc003,Date,Fri,StartTime,14:30,Place,Secret
ID,activity0409,NpcID,npc003,Date,Fri,StartTime,14:40,Place,Food
ID,activity0410,NpcID,npc003,Date,Fri,StartTime,15:00,Place,Secret
ID,activity0411,NpcID,npc003,Date,Fri,StartTime,15:20,Place,University
ID,activity0412,NpcID,npc003,Date,Fri,StartTime,18:00,Place,Secret
ID,activity0413,NpcID,npc003,Date,Fri,StartTime,18:10,Place,Food
ID,activity0414,NpcID,npc003,Date,Fri,StartTime,18:30,Place,Secret
ID,activity0415,NpcID,npc003,Date,Fri,StartTime,18:40,Place,Clothing
ID,activity0416,NpcID,npc003,Date,Fri,StartTime,21:00,Place,Secret
ID,activity0417,NpcID,npc003,Date,Fri,StartTime,21:30,Place,Clothing
ID,activity0418,NpcID,npc003,Date,Fri,StartTime,23:50,Place,Clothing
ID,activity0419,NpcID,npc003,Date,Sat,StartTime,0:00,Place,Clothing
ID,activity0420,NpcID,npc003,Date,Sat,StartTime,8:30,Place,Secret
ID,activity0421,NpcID,npc003,Date,Sat,StartTime,8:50,Place,University
ID,activity0422,NpcID,npc003,Date,Sat,StartTime,9:10,Place,University
ID,activity0423,NpcID,npc003,Date,Sat,StartTime,10:30,Place,University
ID,activity0424,NpcID,npc003,Date,Sat,StartTime,10:40,Place,University
ID,activity0425,NpcID,npc003,Date,Sat,StartTime,12:30,Place,University
ID,activity0426,NpcID,npc003,Date,Sat,StartTime,12:40,Place,Secret
ID,activity0427,NpcID,npc003,Date,Sat,StartTime,13:00,Place,Food
ID,activity0428,NpcID,npc003,Date,Sat,StartTime,13:30,Place,Secret
ID,activity0429,NpcID,npc003,Date,Sat,StartTime,13:50,Place,Park
ID,activity0430,NpcID,npc003,Date,Sat,StartTime,14:30,Place,Secret
ID,activity0431,NpcID,npc003,Date,Sat,StartTime,14:40,Place,Food
ID,activity0432,NpcID,npc003,Date,Sat,StartTime,15:00,Place,Secret
ID,activity0433,NpcID,npc003,Date,Sat,StartTime,15:20,Place,University
ID,activity0434,NpcID,npc003,Date,Sat,StartTime,18:00,Place,Secret
ID,activity0435,NpcID,npc003,Date,Sat,StartTime,18:10,Place,Food
ID,activity0436,NpcID,npc003,Date,Sat,StartTime,18:30,Place,Secret
ID,activity0437,NpcID,npc003,Date,Sat,StartTime,18:40,Place,Clothing
ID,activity0438,NpcID,npc003,Date,Sat,StartTime,21:00,Place,Secret
ID,activity0439,NpcID,npc003,Date,Sat,StartTime,21:30,Place,Clothing
ID,activity0440,NpcID,npc003,Date,Sat,StartTime,23:50,Place,Clothing
ID,activity0441,NpcID,npc003,Date,Sun,StartTime,0:00,Place,Clothing
ID,activity0442,NpcID,npc003,Date,Sun,StartTime,8:30,Place,Secret
ID,activity0443,NpcID,npc003,Date,Sun,StartTime,8:50,Place,University
ID,activity0444,NpcID,npc003,Date,Sun,StartTime,9:10,Place,University
ID,activity0445,NpcID,npc003,Date,Sun,StartTime,10:30,Place,University
ID,activity0446,NpcID,npc003,Date,Sun,StartTime,10:40,Place,University
ID,activity0447,NpcID,npc003,Date,Sun,StartTime,12:30,Place,University
ID,activity0448,NpcID,npc003,Date,Sun,StartTime,12:40,Place,Secret
ID,activity0449,NpcID,npc003,Date,Sun,StartTime,13:00,Place,Food
ID,activity0450,NpcID,npc003,Date,Sun,StartTime,13:30,Place,Secret
ID,activity0451,NpcID,npc003,Date,Sun,StartTime,13:50,Place,Park
ID,activity0452,NpcID,npc003,Date,Sun,StartTime,14:30,Place,Secret
ID,activity0453,NpcID,npc003,Date,Sun,StartTime,14:40,Place,Food
ID,activity0454,NpcID,npc003,Date,Sun,StartTime,15:00,Place,Secret
ID,activity0455,NpcID,npc003,Date,Sun,StartTime,15:20,Place,University
ID,activity0456,NpcID,npc003,Date,Sun,StartTime,18:00,Place,Secret
ID,activity0457,NpcID,npc003,Date,Sun,StartTime,18:10,Place,Food
ID,activity0458,NpcID,npc003,Date,Sun,StartTime,18:30,Place,Secret
ID,activity0459,NpcID,npc003,Date,Sun,StartTime,18:40,Place,Clothing
ID,activity0460,NpcID,npc003,Date,Sun,StartTime,21:00,Place,Secret
ID,activity0461,NpcID,npc003,Date,Sun,StartTime,21:30,Place,Clothing
ID,activity0462,NpcID,npc003,Date,Sun,StartTime,23:50,Place,Clothing
ID,activity0463,NpcID,npc004,Date,Mon,StartTime,0:00,Place,Clothing
ID,activity0464,NpcID,npc004,Date,Mon,StartTime,8:30,Place,Secret
ID,activity0465,NpcID,npc004,Date,Mon,StartTime,8:50,Place,University
ID,activity0466,NpcID,npc004,Date,Mon,StartTime,9:10,Place,University
ID,activity0467,NpcID,npc004,Date,Mon,StartTime,10:30,Place,University
ID,activity0468,NpcID,npc004,Date,Mon,StartTime,10:40,Place,University
ID,activity0469,NpcID,npc004,Date,Mon,StartTime,12:30,Place,University
ID,activity0470,NpcID,npc004,Date,Mon,StartTime,12:40,Place,Secret
ID,activity0471,NpcID,npc004,Date,Mon,StartTime,13:00,Place,Food
ID,activity0472,NpcID,npc004,Date,Mon,StartTime,13:30,Place,Secret
ID,activity0473,NpcID,npc004,Date,Mon,StartTime,13:50,Place,Park
ID,activity0474,NpcID,npc004,Date,Mon,StartTime,14:30,Place,Secret
ID,activity0475,NpcID,npc004,Date,Mon,StartTime,14:40,Place,Food
ID,activity0476,NpcID,npc004,Date,Mon,StartTime,15:00,Place,Secret
ID,activity0477,NpcID,npc004,Date,Mon,StartTime,15:20,Place,University
ID,activity0478,NpcID,npc004,Date,Mon,StartTime,18:00,Place,Secret
ID,activity0479,NpcID,npc004,Date,Mon,StartTime,18:10,Place,Food
ID,activity0480,NpcID,npc004,Date,Mon,StartTime,18:30,Place,Secret
ID,activity0481,NpcID,npc004,Date,Mon,StartTime,18:40,Place,Clothing
ID,activity0482,NpcID,npc004,Date,Mon,StartTime,21:00,Place,Secret
ID,activity0483,NpcID,npc004,Date,Mon,StartTime,21:30,Place,Clothing
ID,activity0484,NpcID,npc004,Date,Mon,StartTime,23:50,Place,Clothing
ID,activity0485,NpcID,npc004,Date,Tue,StartTime,0:00,Place,Clothing
ID,activity0486,NpcID,npc004,Date,Tue,StartTime,8:30,Place,Secret
ID,activity0487,NpcID,npc004,Date,Tue,StartTime,8:50,Place,University
ID,activity0488,NpcID,npc004,Date,Tue,StartTime,9:10,Place,University
ID,activity0489,NpcID,npc004,Date,Tue,StartTime,10:30,Place,University
ID,activity0490,NpcID,npc004,Date,Tue,StartTime,10:40,Place,University
ID,activity0491,NpcID,npc004,Date,Tue,StartTime,12:30,Place,University
ID,activity0492,NpcID,npc004,Date,Tue,StartTime,12:40,Place,Secret
ID,activity0493,NpcID,npc004,Date,Tue,StartTime,13:00,Place,Food
ID,activity0494,NpcID,npc004,Date,Tue,StartTime,13:30,Place,Secret
ID,activity0495,NpcID,npc004,Date,Tue,StartTime,13:50,Place,Park
ID,activity0496,NpcID,npc004,Date,Tue,StartTime,14:30,Place,Secret
ID,activity0497,NpcID,npc004,Date,Tue,StartTime,14:40,Place,Food
ID,activity0498,NpcID,npc004,Date,Tue,StartTime,15:00,Place,Secret
ID,activity0499,NpcID,npc004,Date,Tue,StartTime,15:20,Place,University
ID,activity0500,NpcID,npc004,Date,Tue,StartTime,18:00,Place,Secret
ID,activity0501,NpcID,npc004,Date,Tue,StartTime,18:10,Place,Food
ID,activity0502,NpcID,npc004,Date,Tue,StartTime,18:30,Place,Secret
ID,activity0503,NpcID,npc004,Date,Tue,StartTime,18:40,Place,Clothing
ID,activity0504,NpcID,npc004,Date,Tue,StartTime,21:00,Place,Secret
ID,activity0505,NpcID,npc004,Date,Tue,StartTime,21:30,Place,Clothing
ID,activity0506,NpcID,npc004,Date,Tue,StartTime,23:50,Place,Clothing
ID,activity0507,NpcID,npc004,Date,Wed,StartTime,0:00,Place,Clothing
ID,activity0508,NpcID,npc004,Date,Wed,StartTime,8:30,Place,Secret
ID,activity0509,NpcID,npc004,Date,Wed,StartTime,8:50,Place,University
ID,activity0510,NpcID,npc004,Date,Wed,StartTime,9:10,Place,University
ID,activity0511,NpcID,npc004,Date,Wed,StartTime,10:30,Place,University
ID,activity0512,NpcID,npc004,Date,Wed,StartTime,10:40,Place,University
ID,activity0513,NpcID,npc004,Date,Wed,StartTime,12:30,Place,University
ID,activity0514,NpcID,npc004,Date,Wed,StartTime,12:40,Place,Secret
ID,activity0515,NpcID,npc004,Date,Wed,StartTime,13:00,Place,Food
ID,activity0516,NpcID,npc004,Date,Wed,StartTime,13:30,Place,Secret
ID,activity0517,NpcID,npc004,Date,Wed,StartTime,13:50,Place,Park
ID,activity0518,NpcID,npc004,Date,Wed,StartTime,14:30,Place,Secret
ID,activity0519,NpcID,npc004,Date,Wed,StartTime,14:40,Place,Food
ID,activity0520,NpcID,npc004,Date,Wed,StartTime,15:00,Place,Secret
ID,activity0521,NpcID,npc004,Date,Wed,StartTime,15:20,Place,University
ID,activity0522,NpcID,npc004,Date,Wed,StartTime,18:00,Place,Secret
ID,activity0523,NpcID,npc004,Date,Wed,StartTime,18:10,Place,Food
ID,activity0524,NpcID,npc004,Date,Wed,StartTime,18:30,Place,Secret
ID,activity0525,NpcID,npc004,Date,Wed,StartTime,18:40,Place,Clothing
ID,activity0526,NpcID,npc004,Date,Wed,StartTime,21:00,Place,Secret
ID,activity0527,NpcID,npc004,Date,Wed,StartTime,21:30,Place,Clothing
ID,activity0528,NpcID,npc004,Date,Wed,StartTime,23:50,Place,Clothing
ID,activity0529,NpcID,npc004,Date,Thu,StartTime,0:00,Place,Clothing
ID,activity0530,NpcID,npc004,Date,Thu,StartTime,8:30,Place,Secret
ID,activity0531,NpcID,npc004,Date,Thu,StartTime,8:50,Place,University
ID,activity0532,NpcID,npc004,Date,Thu,StartTime,9:10,Place,University
ID,activity0533,NpcID,npc004,Date,Thu,StartTime,10:30,Place,University
ID,activity0534,NpcID,npc004,Date,Thu,StartTime,10:40,Place,University
ID,activity0535,NpcID,npc004,Date,Thu,StartTime,12:30,Place,University
ID,activity0536,NpcID,npc004,Date,Thu,StartTime,12:40,Place,Secret
ID,activity0537,NpcID,npc004,Date,Thu,StartTime,13:00,Place,Food
ID,activity0538,NpcID,npc004,Date,Thu,StartTime,13:30,Place,Secret
ID,activity0539,NpcID,npc004,Date,Thu,StartTime,13:50,Place,Park
ID,activity0540,NpcID,npc004,Date,Thu,StartTime,14:30,Place,Secret
ID,activity0541,NpcID,npc004,Date,Thu,StartTime,14:40,Place,Food
ID,activity0542,NpcID,npc004,Date,Thu,StartTime,15:00,Place,Secret
ID,activity0543,NpcID,npc004,Date,Thu,StartTime,15:20,Place,University
ID,activity0544,NpcID,npc004,Date,Thu,StartTime,18:00,Place,Secret
ID,activity0545,NpcID,npc004,Date,Thu,StartTime,18:10,Place,Food
ID,activity0546,NpcID,npc004,Date,Thu,StartTime,18:30,Place,Secret
ID,activity0547,NpcID,npc004,Date,Thu,StartTime,18:40,Place,Clothing
ID,activity0548,NpcID,npc004,Date,Thu,StartTime,21:00,Place,Secret
ID,activity0549,NpcID,npc004,Date,Thu,StartTime,21:30,Place,Clothing
ID,activity0550,NpcID,npc004,Date,Thu,StartTime,23:50,Place,Clothing
ID,activity0551,NpcID,npc004,Date,Fri,StartTime,0:00,Place,Clothing
ID,activity0552,NpcID,npc004,Date,Fri,StartTime,8:30,Place,Secret
ID,activity0553,NpcID,npc004,Date,Fri,StartTime,8:50,Place,University
ID,activity0554,NpcID,npc004,Date,Fri,StartTime,9:10,Place,University
ID,activity0555,NpcID,npc004,Date,Fri,StartTime,10:30,Place,University
ID,activity0556,NpcID,npc004,Date,Fri,StartTime,10:40,Place,University
ID,activity0557,NpcID,npc004,Date,Fri,StartTime,12:30,Place,University
ID,activity0558,NpcID,npc004,Date,Fri,StartTime,12:40,Place,Secret
ID,activity0559,NpcID,npc004,Date,Fri,StartTime,13:00,Place,Food
ID,activity0560,NpcID,npc004,Date,Fri,StartTime,13:30,Place,Secret
ID,activity0561,NpcID,npc004,Date,Fri,StartTime,13:50,Place,Park
ID,activity0562,NpcID,npc004,Date,Fri,StartTime,14:30,Place,Secret
ID,activity0563,NpcID,npc004,Date,Fri,StartTime,14:40,Place,Food
ID,activity0564,NpcID,npc004,Date,Fri,StartTime,15:00,Place,Secret
ID,activity0565,NpcID,npc004,Date,Fri,StartTime,15:20,Place,University
ID,activity0566,NpcID,npc004,Date,Fri,StartTime,18:00,Place,Secret
ID,activity0567,NpcID,npc004,Date,Fri,StartTime,18:10,Place,Food
ID,activity0568,NpcID,npc004,Date,Fri,StartTime,18:30,Place,Secret
ID,activity0569,NpcID,npc004,Date,Fri,StartTime,18:40,Place,Clothing
ID,activity0570,NpcID,npc004,Date,Fri,StartTime,21:00,Place,Secret
ID,activity0571,NpcID,npc004,Date,Fri,StartTime,21:30,Place,Clothing
ID,activity0572,NpcID,npc004,Date,Fri,StartTime,23:50,Place,Clothing
ID,activity0573,NpcID,npc004,Date,Sat,StartTime,0:00,Place,Clothing
ID,activity0574,NpcID,npc004,Date,Sat,StartTime,8:30,Place,Secret
ID,activity0575,NpcID,npc004,Date,Sat,StartTime,8:50,Place,University
ID,activity0576,NpcID,npc004,Date,Sat,StartTime,9:10,Place,University
ID,activity0577,NpcID,npc004,Date,Sat,StartTime,10:30,Place,University
ID,activity0578,NpcID,npc004,Date,Sat,StartTime,10:40,Place,University
ID,activity0579,NpcID,npc004,Date,Sat,StartTime,12:30,Place,University
ID,activity0580,NpcID,npc004,Date,Sat,StartTime,12:40,Place,Secret
ID,activity0581,NpcID,npc004,Date,Sat,StartTime,13:00,Place,Food
ID,activity0582,NpcID,npc004,Date,Sat,StartTime,13:30,Place,Secret
ID,activity0583,NpcID,npc004,Date,Sat,StartTime,13:50,Place,Park
ID,activity0584,NpcID,npc004,Date,Sat,StartTime,14:30,Place,Secret
ID,activity0585,NpcID,npc004,Date,Sat,StartTime,14:40,Place,Food
ID,activity0586,NpcID,npc004,Date,Sat,StartTime,15:00,Place,Secret
ID,activity0587,NpcID,npc004,Date,Sat,StartTime,15:20,Place,University
ID,activity0588,NpcID,npc004,Date,Sat,StartTime,18:00,Place,Secret
ID,activity0589,NpcID,npc004,Date,Sat,StartTime,18:10,Place,Food
ID,activity0590,NpcID,npc004,Date,Sat,StartTime,18:30,Place,Secret
ID,activity0591,NpcID,npc004,Date,Sat,StartTime,18:40,Place,Clothing
ID,activity0592,NpcID,npc004,Date,Sat,StartTime,21:00,Place,Secret
ID,activity0593,NpcID,npc004,Date,Sat,StartTime,21:30,Place,Clothing
ID,activity0594,NpcID,npc004,Date,Sat,StartTime,23:50,Place,Clothing
ID,activity0595,NpcID,npc004,Date,Sun,StartTime,0:00,Place,Clothing
ID,activity0596,NpcID,npc004,Date,Sun,StartTime,8:30,Place,Secret
ID,activity0597,NpcID,npc004,Date,Sun,StartTime,8:50,Place,University
ID,activity0598,NpcID,npc004,Date,Sun,StartTime,9:10,Place,University
ID,activity0599,NpcID,npc004,Date,Sun,StartTime,10:30,Place,University
ID,activity0600,NpcID,npc004,Date,Sun,StartTime,10:40,Place,University
ID,activity0601,NpcID,npc004,Date,Sun,StartTime,12:30,Place,University
ID,activity0602,NpcID,npc004,Date,Sun,StartTime,12:40,Place,Secret
ID,activity0603,NpcID,npc004,Date,Sun,StartTime,13:00,Place,Food
ID,activity0604,NpcID,npc004,Date,Sun,StartTime,13:30,Place,Secret
ID,activity0605,NpcID,npc004,Date,Sun,StartTime,13:50,Place,Park
ID,activity0606,NpcID,npc004,Date,Sun,StartTime,14:30,Place,Secret
ID,activity0607,NpcID,npc004,Date,Sun,StartTime,14:40,Place,Food
ID,activity0608,NpcID,npc004,Date,Sun,StartTime,15:00,Place,Secret
ID,activity0609,NpcID,npc004,Date,Sun,StartTime,15:20,Place,University
ID,activity0610,NpcID,npc004,Date,Sun,StartTime,18:00,Place,Secret
ID,activity0611,NpcID,npc004,Date,Sun,StartTime,18:10,Place,Food
ID,activity0612,NpcID,npc004,Date,Sun,StartTime,18:30,Place,Secret
ID,activity0613,NpcID,npc004,Date,Sun,StartTime,18:40,Place,Clothing
ID,activity0614,NpcID,npc004,Date,Sun,StartTime,21:00,Place,Secret
ID,activity0615,NpcID,npc004,Date,Sun,StartTime,21:30,Place,Clothing
ID,activity0616,NpcID,npc004,Date,Sun,StartTime,23:50,Place,Clothing
ID,activity0617,NpcID,npc005,Date,Mon,StartTime,0:00,Place,Clothing
ID,activity0618,NpcID,npc005,Date,Mon,StartTime,8:30,Place,Secret
ID,activity0619,NpcID,npc005,Date,Mon,StartTime,8:50,Place,University
ID,activity0620,NpcID,npc005,Date,Mon,StartTime,9:10,Place,Sell
ID,activity0621,NpcID,npc005,Date,Mon,StartTime,10:30,Place,Sell
ID,activity0622,NpcID,npc005,Date,Mon,StartTime,10:40,Place,Sell
ID,activity0623,NpcID,npc005,Date,Mon,StartTime,12:30,Place,Sell
ID,activity0624,NpcID,npc005,Date,Mon,StartTime,12:40,Place,Sell
ID,activity0625,NpcID,npc005,Date,Mon,StartTime,13:00,Place,Sell
ID,activity0626,NpcID,npc005,Date,Mon,StartTime,13:30,Place,Secret
ID,activity0627,NpcID,npc005,Date,Mon,StartTime,13:50,Place,Sell
ID,activity0628,NpcID,npc005,Date,Mon,StartTime,14:30,Place,Sell
ID,activity0629,NpcID,npc005,Date,Mon,StartTime,14:40,Place,Sell
ID,activity0630,NpcID,npc005,Date,Mon,StartTime,15:00,Place,Sell
ID,activity0631,NpcID,npc005,Date,Mon,StartTime,15:20,Place,Sell
ID,activity0632,NpcID,npc005,Date,Mon,StartTime,18:00,Place,Sell
ID,activity0633,NpcID,npc005,Date,Mon,StartTime,18:10,Place,Food
ID,activity0634,NpcID,npc005,Date,Mon,StartTime,18:30,Place,Secret
ID,activity0635,NpcID,npc005,Date,Mon,StartTime,18:40,Place,Clothing
ID,activity0636,NpcID,npc005,Date,Mon,StartTime,21:00,Place,Secret
ID,activity0637,NpcID,npc005,Date,Mon,StartTime,21:30,Place,Clothing
ID,activity0638,NpcID,npc005,Date,Mon,StartTime,23:50,Place,Clothing
ID,activity0639,NpcID,npc005,Date,Tue,StartTime,0:00,Place,Clothing
ID,activity0640,NpcID,npc005,Date,Tue,StartTime,8:30,Place,Secret
ID,activity0641,NpcID,npc005,Date,Tue,StartTime,8:50,Place,University
ID,activity0642,NpcID,npc005,Date,Tue,StartTime,9:10,Place,University
ID,activity0643,NpcID,npc005,Date,Tue,StartTime,10:30,Place,Sell
ID,activity0644,NpcID,npc005,Date,Tue,StartTime,10:40,Place,Sell
ID,activity0645,NpcID,npc005,Date,Tue,StartTime,12:30,Place,Sell
ID,activity0646,NpcID,npc005,Date,Tue,StartTime,12:40,Place,Sell
ID,activity0647,NpcID,npc005,Date,Tue,StartTime,13:00,Place,Sell
ID,activity0648,NpcID,npc005,Date,Tue,StartTime,13:30,Place,Sell
ID,activity0649,NpcID,npc005,Date,Tue,StartTime,13:50,Place,Sell
ID,activity0650,NpcID,npc005,Date,Tue,StartTime,14:30,Place,Sell
ID,activity0651,NpcID,npc005,Date,Tue,StartTime,14:40,Place,Food
ID,activity0652,NpcID,npc005,Date,Tue,StartTime,15:00,Place,Secret
ID,activity0653,NpcID,npc005,Date,Tue,StartTime,15:20,Place,University
ID,activity0654,NpcID,npc005,Date,Tue,StartTime,18:00,Place,Secret
ID,activity0655,NpcID,npc005,Date,Tue,StartTime,18:10,Place,Food
ID,activity0656,NpcID,npc005,Date,Tue,StartTime,18:30,Place,Secret
ID,activity0657,NpcID,npc005,Date,Tue,StartTime,18:40,Place,Clothing
ID,activity0658,NpcID,npc005,Date,Tue,StartTime,21:00,Place,Secret
ID,activity0659,NpcID,npc005,Date,Tue,StartTime,21:30,Place,Clothing
ID,activity0660,NpcID,npc005,Date,Tue,StartTime,23:50,Place,Clothing
ID,activity0661,NpcID,npc005,Date,Wed,StartTime,0:00,Place,Clothing
ID,activity0662,NpcID,npc005,Date,Wed,StartTime,8:30,Place,Secret
ID,activity0663,NpcID,npc005,Date,Wed,StartTime,8:50,Place,University
ID,activity0664,NpcID,npc005,Date,Wed,StartTime,9:10,Place,University
ID,activity0665,NpcID,npc005,Date,Wed,StartTime,10:30,Place,University
ID,activity0666,NpcID,npc005,Date,Wed,StartTime,10:40,Place,University
ID,activity0667,NpcID,npc005,Date,Wed,StartTime,12:30,Place,University
ID,activity0668,NpcID,npc005,Date,Wed,StartTime,12:40,Place,Secret
ID,activity0669,NpcID,npc005,Date,Wed,StartTime,13:00,Place,Food
ID,activity0670,NpcID,npc005,Date,Wed,StartTime,13:30,Place,Secret
ID,activity0671,NpcID,npc005,Date,Wed,StartTime,13:50,Place,Park
ID,activity0672,NpcID,npc005,Date,Wed,StartTime,14:30,Place,Secret
ID,activity0673,NpcID,npc005,Date,Wed,StartTime,14:40,Place,Food
ID,activity0674,NpcID,npc005,Date,Wed,StartTime,15:00,Place,Secret
ID,activity0675,NpcID,npc005,Date,Wed,StartTime,15:20,Place,University
ID,activity0676,NpcID,npc005,Date,Wed,StartTime,18:00,Place,Secret
ID,activity0677,NpcID,npc005,Date,Wed,StartTime,18:10,Place,Food
ID,activity0678,NpcID,npc005,Date,Wed,StartTime,18:30,Place,Secret
ID,activity0679,NpcID,npc005,Date,Wed,StartTime,18:40,Place,Clothing
ID,activity0680,NpcID,npc005,Date,Wed,StartTime,21:00,Place,Secret
ID,activity0681,NpcID,npc005,Date,Wed,StartTime,21:30,Place,Clothing
ID,activity0682,NpcID,npc005,Date,Wed,StartTime,23:50,Place,Clothing
ID,activity0683,NpcID,npc005,Date,Thu,StartTime,0:00,Place,Clothing
ID,activity0684,NpcID,npc005,Date,Thu,StartTime,8:30,Place,Secret
ID,activity0685,NpcID,npc005,Date,Thu,StartTime,8:50,Place,University
ID,activity0686,NpcID,npc005,Date,Thu,StartTime,9:10,Place,University
ID,activity0687,NpcID,npc005,Date,Thu,StartTime,10:30,Place,University
ID,activity0688,NpcID,npc005,Date,Thu,StartTime,10:40,Place,University
ID,activity0689,NpcID,npc005,Date,Thu,StartTime,12:30,Place,University
ID,activity0690,NpcID,npc005,Date,Thu,StartTime,12:40,Place,Secret
ID,activity0691,NpcID,npc005,Date,Thu,StartTime,13:00,Place,Food
ID,activity0692,NpcID,npc005,Date,Thu,StartTime,13:30,Place,Secret
ID,activity0693,NpcID,npc005,Date,Thu,StartTime,13:50,Place,Park
ID,activity0694,NpcID,npc005,Date,Thu,StartTime,14:30,Place,Secret
ID,activity0695,NpcID,npc005,Date,Thu,StartTime,14:40,Place,Food
ID,activity0696,NpcID,npc005,Date,Thu,StartTime,15:00,Place,Secret
ID,activity0697,NpcID,npc005,Date,Thu,StartTime,15:20,Place,University
ID,activity0698,NpcID,npc005,Date,Thu,StartTime,18:00,Place,Secret
ID,activity0699,NpcID,npc005,Date,Thu,StartTime,18:10,Place,Food
ID,activity0700,NpcID,npc005,Date,Thu,StartTime,18:30,Place,Secret
ID,activity0701,NpcID,npc005,Date,Thu,StartTime,18:40,Place,Clothing
ID,activity0702,NpcID,npc005,Date,Thu,StartTime,21:00,Place,Secret
ID,activity0703,NpcID,npc005,Date,Thu,StartTime,21:30,Place,Clothing
ID,activity0704,NpcID,npc005,Date,Thu,StartTime,23:50,Place,Clothing
ID,activity0705,NpcID,npc005,Date,Fri,StartTime,0:00,Place,Clothing
ID,activity0706,NpcID,npc005,Date,Fri,StartTime,8:30,Place,Secret
ID,activity0707,NpcID,npc005,Date,Fri,StartTime,8:50,Place,University
ID,activity0708,NpcID,npc005,Date,Fri,StartTime,9:10,Place,University
ID,activity0709,NpcID,npc005,Date,Fri,StartTime,10:30,Place,University
ID,activity0710,NpcID,npc005,Date,Fri,StartTime,10:40,Place,University
ID,activity0711,NpcID,npc005,Date,Fri,StartTime,12:30,Place,University
ID,activity0712,NpcID,npc005,Date,Fri,StartTime,12:40,Place,Secret
ID,activity0713,NpcID,npc005,Date,Fri,StartTime,13:00,Place,Food
ID,activity0714,NpcID,npc005,Date,Fri,StartTime,13:30,Place,Secret
ID,activity0715,NpcID,npc005,Date,Fri,StartTime,13:50,Place,Park
ID,activity0716,NpcID,npc005,Date,Fri,StartTime,14:30,Place,Secret
ID,activity0717,NpcID,npc005,Date,Fri,StartTime,14:40,Place,Food
ID,activity0718,NpcID,npc005,Date,Fri,StartTime,15:00,Place,Secret
ID,activity0719,NpcID,npc005,Date,Fri,StartTime,15:20,Place,University
ID,activity0720,NpcID,npc005,Date,Fri,StartTime,18:00,Place,Secret
ID,activity0721,NpcID,npc005,Date,Fri,StartTime,18:10,Place,Food
ID,activity0722,NpcID,npc005,Date,Fri,StartTime,18:30,Place,Secret
ID,activity0723,NpcID,npc005,Date,Fri,StartTime,18:40,Place,Clothing
ID,activity0724,NpcID,npc005,Date,Fri,StartTime,21:00,Place,Secret
ID,activity0725,NpcID,npc005,Date,Fri,StartTime,21:30,Place,Clothing
ID,activity0726,NpcID,npc005,Date,Fri,StartTime,23:50,Place,Clothing
ID,activity0727,NpcID,npc005,Date,Sat,StartTime,0:00,Place,Clothing
ID,activity0728,NpcID,npc005,Date,Sat,StartTime,8:30,Place,Secret
ID,activity0729,NpcID,npc005,Date,Sat,StartTime,8:50,Place,University
ID,activity0730,NpcID,npc005,Date,Sat,StartTime,9:10,Place,University
ID,activity0731,NpcID,npc005,Date,Sat,StartTime,10:30,Place,University
ID,activity0732,NpcID,npc005,Date,Sat,StartTime,10:40,Place,University
ID,activity0733,NpcID,npc005,Date,Sat,StartTime,12:30,Place,University
ID,activity0734,NpcID,npc005,Date,Sat,StartTime,12:40,Place,Secret
ID,activity0735,NpcID,npc005,Date,Sat,StartTime,13:00,Place,Food
ID,activity0736,NpcID,npc005,Date,Sat,StartTime,13:30,Place,Secret
ID,activity0737,NpcID,npc005,Date,Sat,StartTime,13:50,Place,Park
ID,activity0738,NpcID,npc005,Date,Sat,StartTime,14:30,Place,Secret
ID,activity0739,NpcID,npc005,Date,Sat,StartTime,14:40,Place,Food
ID,activity0740,NpcID,npc005,Date,Sat,StartTime,15:00,Place,Secret
ID,activity0741,NpcID,npc005,Date,Sat,StartTime,15:20,Place,University
ID,activity0742,NpcID,npc005,Date,Sat,StartTime,18:00,Place,Secret
ID,activity0743,NpcID,npc005,Date,Sat,StartTime,18:10,Place,Food
ID,activity0744,NpcID,npc005,Date,Sat,StartTime,18:30,Place,Secret
ID,activity0745,NpcID,npc005,Date,Sat,StartTime,18:40,Place,Clothing
ID,activity0746,NpcID,npc005,Date,Sat,StartTime,21:00,Place,Secret
ID,activity0747,NpcID,npc005,Date,Sat,StartTime,21:30,Place,Clothing
ID,activity0748,NpcID,npc005,Date,Sat,StartTime,23:50,Place,Clothing
ID,activity0749,NpcID,npc005,Date,Sun,StartTime,0:00,Place,Clothing
ID,activity0750,NpcID,npc005,Date,Sun,StartTime,8:30,Place,Secret
ID,activity0751,NpcID,npc005,Date,Sun,StartTime,8:50,Place,University
ID,activity0752,NpcID,npc005,Date,Sun,StartTime,9:10,Place,University
ID,activity0753,NpcID,npc005,Date,Sun,StartTime,10:30,Place,University
ID,activity0754,NpcID,npc005,Date,Sun,StartTime,10:40,Place,University
ID,activity0755,NpcID,npc005,Date,Sun,StartTime,12:30,Place,University
ID,activity0756,NpcID,npc005,Date,Sun,StartTime,12:40,Place,Secret
ID,activity0757,NpcID,npc005,Date,Sun,StartTime,13:00,Place,Food
ID,activity0758,NpcID,npc005,Date,Sun,StartTime,13:30,Place,Secret
ID,activity0759,NpcID,npc005,Date,Sun,StartTime,13:50,Place,Park
ID,activity0760,NpcID,npc005,Date,Sun,StartTime,14:30,Place,Secret
ID,activity0761,NpcID,npc005,Date,Sun,StartTime,14:40,Place,Food
ID,activity0762,NpcID,npc005,Date,Sun,StartTime,15:00,Place,Secret
ID,activity0763,NpcID,npc005,Date,Sun,StartTime,15:20,Place,University
ID,activity0764,NpcID,npc005,Date,Sun,StartTime,18:00,Place,Secret
ID,activity0765,NpcID,npc005,Date,Sun,StartTime,18:10,Place,Food
ID,activity0766,NpcID,npc005,Date,Sun,StartTime,18:30,Place,Secret
ID,activity0767,NpcID,npc005,Date,Sun,StartTime,18:40,Place,Clothing
ID,activity0768,NpcID,npc005,Date,Sun,StartTime,21:00,Place,Secret
ID,activity0769,NpcID,npc005,Date,Sun,StartTime,21:30,Place,Clothing
ID,activity0770,NpcID,npc005,Date,Sun,StartTime,23:50,Place,Clothing
ID,activity0771,NpcID,npc006,Date,Mon,StartTime,0:00,Place,Clothing
ID,activity0772,NpcID,npc006,Date,Mon,StartTime,8:30,Place,Secret
ID,activity0773,NpcID,npc006,Date,Mon,StartTime,8:50,Place,University
ID,activity0774,NpcID,npc006,Date,Mon,StartTime,9:10,Place,University
ID,activity0775,NpcID,npc006,Date,Mon,StartTime,10:30,Place,University
ID,activity0776,NpcID,npc006,Date,Mon,StartTime,10:40,Place,University
ID,activity0777,NpcID,npc006,Date,Mon,StartTime,12:30,Place,University
ID,activity0778,NpcID,npc006,Date,Mon,StartTime,12:40,Place,Secret
ID,activity0779,NpcID,npc006,Date,Mon,StartTime,13:00,Place,Food
ID,activity0780,NpcID,npc006,Date,Mon,StartTime,13:30,Place,Secret
ID,activity0781,NpcID,npc006,Date,Mon,StartTime,13:50,Place,Park
ID,activity0782,NpcID,npc006,Date,Mon,StartTime,14:30,Place,Secret
ID,activity0783,NpcID,npc006,Date,Mon,StartTime,14:40,Place,Food
ID,activity0784,NpcID,npc006,Date,Mon,StartTime,15:00,Place,Secret
ID,activity0785,NpcID,npc006,Date,Mon,StartTime,15:20,Place,University
ID,activity0786,NpcID,npc006,Date,Mon,StartTime,18:00,Place,Secret
ID,activity0787,NpcID,npc006,Date,Mon,StartTime,18:10,Place,Food
ID,activity0788,NpcID,npc006,Date,Mon,StartTime,18:30,Place,Secret
ID,activity0789,NpcID,npc006,Date,Mon,StartTime,18:40,Place,Clothing
ID,activity0790,NpcID,npc006,Date,Mon,StartTime,21:00,Place,Secret
ID,activity0791,NpcID,npc006,Date,Mon,StartTime,21:30,Place,Clothing
ID,activity0792,NpcID,npc006,Date,Mon,StartTime,23:50,Place,Clothing
ID,activity0793,NpcID,npc006,Date,Tue,StartTime,0:00,Place,Clothing
ID,activity0794,NpcID,npc006,Date,Tue,StartTime,8:30,Place,Secret
ID,activity0795,NpcID,npc006,Date,Tue,StartTime,8:50,Place,University
ID,activity0796,NpcID,npc006,Date,Tue,StartTime,9:10,Place,University
ID,activity0797,NpcID,npc006,Date,Tue,StartTime,10:30,Place,University
ID,activity0798,NpcID,npc006,Date,Tue,StartTime,10:40,Place,University
ID,activity0799,NpcID,npc006,Date,Tue,StartTime,12:30,Place,University
ID,activity0800,NpcID,npc006,Date,Tue,StartTime,12:40,Place,Secret
ID,activity0801,NpcID,npc006,Date,Tue,StartTime,13:00,Place,Food
ID,activity0802,NpcID,npc006,Date,Tue,StartTime,13:30,Place,Secret
ID,activity0803,NpcID,npc006,Date,Tue,StartTime,13:50,Place,Park
ID,activity0804,NpcID,npc006,Date,Tue,StartTime,14:30,Place,Secret
ID,activity0805,NpcID,npc006,Date,Tue,StartTime,14:40,Place,Food
ID,activity0806,NpcID,npc006,Date,Tue,StartTime,15:00,Place,Secret
ID,activity0807,NpcID,npc006,Date,Tue,StartTime,15:20,Place,University
ID,activity0808,NpcID,npc006,Date,Tue,StartTime,18:00,Place,Secret
ID,activity0809,NpcID,npc006,Date,Tue,StartTime,18:10,Place,Food
ID,activity0810,NpcID,npc006,Date,Tue,StartTime,18:30,Place,Secret
ID,activity0811,NpcID,npc006,Date,Tue,StartTime,18:40,Place,Clothing
ID,activity0812,NpcID,npc006,Date,Tue,StartTime,21:00,Place,Secret
ID,activity0813,NpcID,npc006,Date,Tue,StartTime,21:30,Place,Clothing
ID,activity0814,NpcID,npc006,Date,Tue,StartTime,23:50,Place,Clothing
ID,activity0815,NpcID,npc006,Date,Wed,StartTime,0:00,Place,Clothing
ID,activity0816,NpcID,npc006,Date,Wed,StartTime,8:30,Place,Secret
ID,activity0817,NpcID,npc006,Date,Wed,StartTime,8:50,Place,University
ID,activity0818,NpcID,npc006,Date,Wed,StartTime,9:10,Place,University
ID,activity0819,NpcID,npc006,Date,Wed,StartTime,10:30,Place,University
ID,activity0820,NpcID,npc006,Date,Wed,StartTime,10:40,Place,University
ID,activity0821,NpcID,npc006,Date,Wed,StartTime,12:30,Place,University
ID,activity0822,NpcID,npc006,Date,Wed,StartTime,12:40,Place,Secret
ID,activity0823,NpcID,npc006,Date,Wed,StartTime,13:00,Place,Food
ID,activity0824,NpcID,npc006,Date,Wed,StartTime,13:30,Place,Secret
ID,activity0825,NpcID,npc006,Date,Wed,StartTime,13:50,Place,Park
ID,activity0826,NpcID,npc006,Date,Wed,StartTime,14:30,Place,Secret
ID,activity0827,NpcID,npc006,Date,Wed,StartTime,14:40,Place,Food
ID,activity0828,NpcID,npc006,Date,Wed,StartTime,15:00,Place,Secret
ID,activity0829,NpcID,npc006,Date,Wed,StartTime,15:20,Place,University
ID,activity0830,NpcID,npc006,Date,Wed,StartTime,18:00,Place,Secret
ID,activity0831,NpcID,npc006,Date,Wed,StartTime,18:10,Place,Food
ID,activity0832,NpcID,npc006,Date,Wed,StartTime,18:30,Place,Secret
ID,activity0833,NpcID,npc006,Date,Wed,StartTime,18:40,Place,Clothing
ID,activity0834,NpcID,npc006,Date,Wed,StartTime,21:00,Place,Secret
ID,activity0835,NpcID,npc006,Date,Wed,StartTime,21:30,Place,Clothing
ID,activity0836,NpcID,npc006,Date,Wed,StartTime,23:50,Place,Clothing
ID,activity0837,NpcID,npc006,Date,Thu,StartTime,0:00,Place,Clothing
ID,activity0838,NpcID,npc006,Date,Thu,StartTime,8:30,Place,Secret
ID,activity0839,NpcID,npc006,Date,Thu,StartTime,8:50,Place,University
ID,activity0840,NpcID,npc006,Date,Thu,StartTime,9:10,Place,University
ID,activity0841,NpcID,npc006,Date,Thu,StartTime,10:30,Place,University
ID,activity0842,NpcID,npc006,Date,Thu,StartTime,10:40,Place,University
ID,activity0843,NpcID,npc006,Date,Thu,StartTime,12:30,Place,University
ID,activity0844,NpcID,npc006,Date,Thu,StartTime,12:40,Place,Secret
ID,activity0845,NpcID,npc006,Date,Thu,StartTime,13:00,Place,Food
ID,activity0846,NpcID,npc006,Date,Thu,StartTime,13:30,Place,Secret
ID,activity0847,NpcID,npc006,Date,Thu,StartTime,13:50,Place,Park
ID,activity0848,NpcID,npc006,Date,Thu,StartTime,14:30,Place,Secret
ID,activity0849,NpcID,npc006,Date,Thu,StartTime,14:40,Place,Food
ID,activity0850,NpcID,npc006,Date,Thu,StartTime,15:00,Place,Secret
ID,activity0851,NpcID,npc006,Date,Thu,StartTime,15:20,Place,University
ID,activity0852,NpcID,npc006,Date,Thu,StartTime,18:00,Place,Secret
ID,activity0853,NpcID,npc006,Date,Thu,StartTime,18:10,Place,Food
ID,activity0854,NpcID,npc006,Date,Thu,StartTime,18:30,Place,Secret
ID,activity0855,NpcID,npc006,Date,Thu,StartTime,18:40,Place,Clothing
ID,activity0856,NpcID,npc006,Date,Thu,StartTime,21:00,Place,Secret
ID,activity0857,NpcID,npc006,Date,Thu,StartTime,21:30,Place,Clothing
ID,activity0858,NpcID,npc006,Date,Thu,StartTime,23:50,Place,Clothing
ID,activity0859,NpcID,npc006,Date,Fri,StartTime,0:00,Place,Clothing
ID,activity0860,NpcID,npc006,Date,Fri,StartTime,8:30,Place,Secret
ID,activity0861,NpcID,npc006,Date,Fri,StartTime,8:50,Place,University
ID,activity0862,NpcID,npc006,Date,Fri,StartTime,9:10,Place,University
ID,activity0863,NpcID,npc006,Date,Fri,StartTime,10:30,Place,University
ID,activity0864,NpcID,npc006,Date,Fri,StartTime,10:40,Place,University
ID,activity0865,NpcID,npc006,Date,Fri,StartTime,12:30,Place,University
ID,activity0866,NpcID,npc006,Date,Fri,StartTime,12:40,Place,Secret
ID,activity0867,NpcID,npc006,Date,Fri,StartTime,13:00,Place,Food
ID,activity0868,NpcID,npc006,Date,Fri,StartTime,13:30,Place,Secret
ID,activity0869,NpcID,npc006,Date,Fri,StartTime,13:50,Place,Park
ID,activity0870,NpcID,npc006,Date,Fri,StartTime,14:30,Place,Secret
ID,activity0871,NpcID,npc006,Date,Fri,StartTime,14:40,Place,Food
ID,activity0872,NpcID,npc006,Date,Fri,StartTime,15:00,Place,Secret
ID,activity0873,NpcID,npc006,Date,Fri,StartTime,15:20,Place,University
ID,activity0874,NpcID,npc006,Date,Fri,StartTime,18:00,Place,Secret
ID,activity0875,NpcID,npc006,Date,Fri,StartTime,18:10,Place,Food
ID,activity0876,NpcID,npc006,Date,Fri,StartTime,18:30,Place,Secret
ID,activity0877,NpcID,npc006,Date,Fri,StartTime,18:40,Place,Clothing
ID,activity0878,NpcID,npc006,Date,Fri,StartTime,21:00,Place,Secret
ID,activity0879,NpcID,npc006,Date,Fri,StartTime,21:30,Place,Clothing
ID,activity0880,NpcID,npc006,Date,Fri,StartTime,23:50,Place,Clothing
ID,activity0881,NpcID,npc006,Date,Sat,StartTime,0:00,Place,Clothing
ID,activity0882,NpcID,npc006,Date,Sat,StartTime,8:30,Place,Secret
ID,activity0883,NpcID,npc006,Date,Sat,StartTime,8:50,Place,University
ID,activity0884,NpcID,npc006,Date,Sat,StartTime,9:10,Place,University
ID,activity0885,NpcID,npc006,Date,Sat,StartTime,10:30,Place,University
ID,activity0886,NpcID,npc006,Date,Sat,StartTime,10:40,Place,University
ID,activity0887,NpcID,npc006,Date,Sat,StartTime,12:30,Place,University
ID,activity0888,NpcID,npc006,Date,Sat,StartTime,12:40,Place,Secret
ID,activity0889,NpcID,npc006,Date,Sat,StartTime,13:00,Place,Food
ID,activity0890,NpcID,npc006,Date,Sat,StartTime,13:30,Place,Secret
ID,activity0891,NpcID,npc006,Date,Sat,StartTime,13:50,Place,Park
ID,activity0892,NpcID,npc006,Date,Sat,StartTime,14:30,Place,Secret
ID,activity0893,NpcID,npc006,Date,Sat,StartTime,14:40,Place,Food
ID,activity0894,NpcID,npc006,Date,Sat,StartTime,15:00,Place,Secret
ID,activity0895,NpcID,npc006,Date,Sat,StartTime,15:20,Place,University
ID,activity0896,NpcID,npc006,Date,Sat,StartTime,18:00,Place,Secret
ID,activity0897,NpcID,npc006,Date,Sat,StartTime,18:10,Place,Food
ID,activity0898,NpcID,npc006,Date,Sat,StartTime,18:30,Place,Secret
ID,activity0899,NpcID,npc006,Date,Sat,StartTime,18:40,Place,Clothing
ID,activity0900,NpcID,npc006,Date,Sat,StartTime,21:00,Place,Secret
ID,activity0901,NpcID,npc006,Date,Sat,StartTime,21:30,Place,Clothing
ID,activity0902,NpcID,npc006,Date,Sat,StartTime,23:50,Place,Clothing
ID,activity0903,NpcID,npc006,Date,Sun,StartTime,0:00,Place,Clothing
ID,activity0904,NpcID,npc006,Date,Sun,StartTime,8:30,Place,Secret
ID,activity0905,NpcID,npc006,Date,Sun,StartTime,8:50,Place,University
ID,activity0906,NpcID,npc006,Date,Sun,StartTime,9:10,Place,University
ID,activity0907,NpcID,npc006,Date,Sun,StartTime,10:30,Place,University
ID,activity0908,NpcID,npc006,Date,Sun,StartTime,10:40,Place,University
ID,activity0909,NpcID,npc006,Date,Sun,StartTime,12:30,Place,University
ID,activity0910,NpcID,npc006,Date,Sun,StartTime,12:40,Place,Secret
ID,activity0911,NpcID,npc006,Date,Sun,StartTime,13:00,Place,Food
ID,activity0912,NpcID,npc006,Date,Sun,StartTime,13:30,Place,Secret
ID,activity0913,NpcID,npc006,Date,Sun,StartTime,13:50,Place,Park
ID,activity0914,NpcID,npc006,Date,Sun,StartTime,14:30,Place,Secret
ID,activity0915,NpcID,npc006,Date,Sun,StartTime,14:40,Place,Food
ID,activity0916,NpcID,npc006,Date,Sun,StartTime,15:00,Place,Secret
ID,activity0917,NpcID,npc006,Date,Sun,StartTime,15:20,Place,University
ID,activity0918,NpcID,npc006,Date,Sun,StartTime,18:00,Place,Secret
ID,activity0919,NpcID,npc006,Date,Sun,StartTime,18:10,Place,Food
ID,activity0920,NpcID,npc006,Date,Sun,StartTime,18:30,Place,Secret
ID,activity0921,NpcID,npc006,Date,Sun,StartTime,18:40,Place,Clothing
ID,activity0922,NpcID,npc006,Date,Sun,StartTime,21:00,Place,Secret
ID,activity0923,NpcID,npc006,Date,Sun,StartTime,21:30,Place,Clothing
ID,activity0924,NpcID,npc006,Date,Sun,StartTime,23:50,Place,Clothing
ID,activity0925,NpcID,npc007,Date,Mon,StartTime,0:00,Place,Clothing
ID,activity0926,NpcID,npc007,Date,Mon,StartTime,8:30,Place,Secret
ID,activity0927,NpcID,npc007,Date,Mon,StartTime,8:50,Place,University
ID,activity0928,NpcID,npc007,Date,Mon,StartTime,9:10,Place,University
ID,activity0929,NpcID,npc007,Date,Mon,StartTime,10:30,Place,University
ID,activity0930,NpcID,npc007,Date,Mon,StartTime,10:40,Place,University
ID,activity0931,NpcID,npc007,Date,Mon,StartTime,12:30,Place,University
ID,activity0932,NpcID,npc007,Date,Mon,StartTime,12:40,Place,Secret
ID,activity0933,NpcID,npc007,Date,Mon,StartTime,13:00,Place,Food
ID,activity0934,NpcID,npc007,Date,Mon,StartTime,13:30,Place,Secret
ID,activity0935,NpcID,npc007,Date,Mon,StartTime,13:50,Place,Park
ID,activity0936,NpcID,npc007,Date,Mon,StartTime,14:30,Place,Secret
ID,activity0937,NpcID,npc007,Date,Mon,StartTime,14:40,Place,Food
ID,activity0938,NpcID,npc007,Date,Mon,StartTime,15:00,Place,Secret
ID,activity0939,NpcID,npc007,Date,Mon,StartTime,15:20,Place,University
ID,activity0940,NpcID,npc007,Date,Mon,StartTime,18:00,Place,Secret
ID,activity0941,NpcID,npc007,Date,Mon,StartTime,18:10,Place,Food
ID,activity0942,NpcID,npc007,Date,Mon,StartTime,18:30,Place,Secret
ID,activity0943,NpcID,npc007,Date,Mon,StartTime,18:40,Place,Clothing
ID,activity0944,NpcID,npc007,Date,Mon,StartTime,21:00,Place,Secret
ID,activity0945,NpcID,npc007,Date,Mon,StartTime,21:30,Place,Clothing
ID,activity0946,NpcID,npc007,Date,Mon,StartTime,23:50,Place,Clothing
ID,activity0947,NpcID,npc007,Date,Tue,StartTime,0:00,Place,Clothing
ID,activity0948,NpcID,npc007,Date,Tue,StartTime,8:30,Place,Secret
ID,activity0949,NpcID,npc007,Date,Tue,StartTime,8:50,Place,University
ID,activity0950,NpcID,npc007,Date,Tue,StartTime,9:10,Place,University
ID,activity0951,NpcID,npc007,Date,Tue,StartTime,10:30,Place,University
ID,activity0952,NpcID,npc007,Date,Tue,StartTime,10:40,Place,University
ID,activity0953,NpcID,npc007,Date,Tue,StartTime,12:30,Place,University
ID,activity0954,NpcID,npc007,Date,Tue,StartTime,12:40,Place,Secret
ID,activity0955,NpcID,npc007,Date,Tue,StartTime,13:00,Place,Food
ID,activity0956,NpcID,npc007,Date,Tue,StartTime,13:30,Place,Secret
ID,activity0957,NpcID,npc007,Date,Tue,StartTime,13:50,Place,Park
ID,activity0958,NpcID,npc007,Date,Tue,StartTime,14:30,Place,Secret
ID,activity0959,NpcID,npc007,Date,Tue,StartTime,14:40,Place,Food
ID,activity0960,NpcID,npc007,Date,Tue,StartTime,15:00,Place,Secret
ID,activity0961,NpcID,npc007,Date,Tue,StartTime,15:20,Place,University
ID,activity0962,NpcID,npc007,Date,Tue,StartTime,18:00,Place,Secret
ID,activity0963,NpcID,npc007,Date,Tue,StartTime,18:10,Place,Food
ID,activity0964,NpcID,npc007,Date,Tue,StartTime,18:30,Place,Secret
ID,activity0965,NpcID,npc007,Date,Tue,StartTime,18:40,Place,Clothing
ID,activity0966,NpcID,npc007,Date,Tue,StartTime,21:00,Place,Secret
ID,activity0967,NpcID,npc007,Date,Tue,StartTime,21:30,Place,Clothing
ID,activity0968,NpcID,npc007,Date,Tue,StartTime,23:50,Place,Clothing
ID,activity0969,NpcID,npc007,Date,Wed,StartTime,0:00,Place,Clothing
ID,activity0970,NpcID,npc007,Date,Wed,StartTime,8:30,Place,Secret
ID,activity0971,NpcID,npc007,Date,Wed,StartTime,8:50,Place,University
ID,activity0972,NpcID,npc007,Date,Wed,StartTime,9:10,Place,University
ID,activity0973,NpcID,npc007,Date,Wed,StartTime,10:30,Place,University
ID,activity0974,NpcID,npc007,Date,Wed,StartTime,10:40,Place,University
ID,activity0975,NpcID,npc007,Date,Wed,StartTime,12:30,Place,University
ID,activity0976,NpcID,npc007,Date,Wed,StartTime,12:40,Place,Secret
ID,activity0977,NpcID,npc007,Date,Wed,StartTime,13:00,Place,Food
ID,activity0978,NpcID,npc007,Date,Wed,StartTime,13:30,Place,Secret
ID,activity0979,NpcID,npc007,Date,Wed,StartTime,13:50,Place,Park
ID,activity0980,NpcID,npc007,Date,Wed,StartTime,14:30,Place,Secret
ID,activity0981,NpcID,npc007,Date,Wed,StartTime,14:40,Place,Food
ID,activity0982,NpcID,npc007,Date,Wed,StartTime,15:00,Place,Secret
ID,activity0983,NpcID,npc007,Date,Wed,StartTime,15:20,Place,University
ID,activity0984,NpcID,npc007,Date,Wed,StartTime,18:00,Place,Secret
ID,activity0985,NpcID,npc007,Date,Wed,StartTime,18:10,Place,Food
ID,activity0986,NpcID,npc007,Date,Wed,StartTime,18:30,Place,Secret
ID,activity0987,NpcID,npc007,Date,Wed,StartTime,18:40,Place,Clothing
ID,activity0988,NpcID,npc007,Date,Wed,StartTime,21:00,Place,Secret
ID,activity0989,NpcID,npc007,Date,Wed,StartTime,21:30,Place,Clothing
ID,activity0990,NpcID,npc007,Date,Wed,StartTime,23:50,Place,Clothing
ID,activity0991,NpcID,npc007,Date,Thu,StartTime,0:00,Place,Clothing
ID,activity0992,NpcID,npc007,Date,Thu,StartTime,8:30,Place,Secret
ID,activity0993,NpcID,npc007,Date,Thu,StartTime,8:50,Place,University
ID,activity0994,NpcID,npc007,Date,Thu,StartTime,9:10,Place,University
ID,activity0995,NpcID,npc007,Date,Thu,StartTime,10:30,Place,University
ID,activity0996,NpcID,npc007,Date,Thu,StartTime,10:40,Place,University
ID,activity0997,NpcID,npc007,Date,Thu,StartTime,12:30,Place,University
ID,activity0998,NpcID,npc007,Date,Thu,StartTime,12:40,Place,Secret
ID,activity0999,NpcID,npc007,Date,Thu,StartTime,13:00,Place,Food
ID,activity1000,NpcID,npc007,Date,Thu,StartTime,13:30,Place,Secret
ID,activity1001,NpcID,npc007,Date,Thu,StartTime,13:50,Place,Park
ID,activity1002,NpcID,npc007,Date,Thu,StartTime,14:30,Place,Secret
ID,activity1003,NpcID,npc007,Date,Thu,StartTime,14:40,Place,Food
ID,activity1004,NpcID,npc007,Date,Thu,StartTime,15:00,Place,Secret
ID,activity1005,NpcID,npc007,Date,Thu,StartTime,15:20,Place,University
ID,activity1006,NpcID,npc007,Date,Thu,StartTime,18:00,Place,Secret
ID,activity1007,NpcID,npc007,Date,Thu,StartTime,18:10,Place,Food
ID,activity1008,NpcID,npc007,Date,Thu,StartTime,18:30,Place,Secret
ID,activity1009,NpcID,npc007,Date,Thu,StartTime,18:40,Place,Clothing
ID,activity1010,NpcID,npc007,Date,Thu,StartTime,21:00,Place,Secret
ID,activity1011,NpcID,npc007,Date,Thu,StartTime,21:30,Place,Clothing
ID,activity1012,NpcID,npc007,Date,Thu,StartTime,23:50,Place,Clothing
ID,activity1013,NpcID,npc007,Date,Fri,StartTime,0:00,Place,Clothing
ID,activity1014,NpcID,npc007,Date,Fri,StartTime,8:30,Place,Secret
ID,activity1015,NpcID,npc007,Date,Fri,StartTime,8:50,Place,University
ID,activity1016,NpcID,npc007,Date,Fri,StartTime,9:10,Place,University
ID,activity1017,NpcID,npc007,Date,Fri,StartTime,10:30,Place,University
ID,activity1018,NpcID,npc007,Date,Fri,StartTime,10:40,Place,University
ID,activity1019,NpcID,npc007,Date,Fri,StartTime,12:30,Place,University
ID,activity1020,NpcID,npc007,Date,Fri,StartTime,12:40,Place,Secret
ID,activity1021,NpcID,npc007,Date,Fri,StartTime,13:00,Place,Food
ID,activity1022,NpcID,npc007,Date,Fri,StartTime,13:30,Place,Secret
ID,activity1023,NpcID,npc007,Date,Fri,StartTime,13:50,Place,Park
ID,activity1024,NpcID,npc007,Date,Fri,StartTime,14:30,Place,Secret
ID,activity1025,NpcID,npc007,Date,Fri,StartTime,14:40,Place,Food
ID,activity1026,NpcID,npc007,Date,Fri,StartTime,15:00,Place,Secret
ID,activity1027,NpcID,npc007,Date,Fri,StartTime,15:20,Place,University
ID,activity1028,NpcID,npc007,Date,Fri,StartTime,18:00,Place,Secret
ID,activity1029,NpcID,npc007,Date,Fri,StartTime,18:10,Place,Food
ID,activity1030,NpcID,npc007,Date,Fri,StartTime,18:30,Place,Secret
ID,activity1031,NpcID,npc007,Date,Fri,StartTime,18:40,Place,Clothing
ID,activity1032,NpcID,npc007,Date,Fri,StartTime,21:00,Place,Secret
ID,activity1033,NpcID,npc007,Date,Fri,StartTime,21:30,Place,Clothing
ID,activity1034,NpcID,npc007,Date,Fri,StartTime,23:50,Place,Clothing
ID,activity1035,NpcID,npc007,Date,Sat,StartTime,0:00,Place,Clothing
ID,activity1036,NpcID,npc007,Date,Sat,StartTime,8:30,Place,Secret
ID,activity1037,NpcID,npc007,Date,Sat,StartTime,8:50,Place,University
ID,activity1038,NpcID,npc007,Date,Sat,StartTime,9:10,Place,University
ID,activity1039,NpcID,npc007,Date,Sat,StartTime,10:30,Place,University
ID,activity1040,NpcID,npc007,Date,Sat,StartTime,10:40,Place,University
ID,activity1041,NpcID,npc007,Date,Sat,StartTime,12:30,Place,University
ID,activity1042,NpcID,npc007,Date,Sat,StartTime,12:40,Place,Secret
ID,activity1043,NpcID,npc007,Date,Sat,StartTime,13:00,Place,Food
ID,activity1044,NpcID,npc007,Date,Sat,StartTime,13:30,Place,Secret
ID,activity1045,NpcID,npc007,Date,Sat,StartTime,13:50,Place,Park
ID,activity1046,NpcID,npc007,Date,Sat,StartTime,14:30,Place,Secret
ID,activity1047,NpcID,npc007,Date,Sat,StartTime,14:40,Place,Food
ID,activity1048,NpcID,npc007,Date,Sat,StartTime,15:00,Place,Secret
ID,activity1049,NpcID,npc007,Date,Sat,StartTime,15:20,Place,University
ID,activity1050,NpcID,npc007,Date,Sat,StartTime,18:00,Place,Secret
ID,activity1051,NpcID,npc007,Date,Sat,StartTime,18:10,Place,Food
ID,activity1052,NpcID,npc007,Date,Sat,StartTime,18:30,Place,Secret
ID,activity1053,NpcID,npc007,Date,Sat,StartTime,18:40,Place,Clothing
ID,activity1054,NpcID,npc007,Date,Sat,StartTime,21:00,Place,Secret
ID,activity1055,NpcID,npc007,Date,Sat,StartTime,21:30,Place,Clothing
ID,activity1056,NpcID,npc007,Date,Sat,StartTime,23:50,Place,Clothing
ID,activity1057,NpcID,npc007,Date,Sun,StartTime,0:00,Place,Clothing
ID,activity1058,NpcID,npc007,Date,Sun,StartTime,8:30,Place,Secret
ID,activity1059,NpcID,npc007,Date,Sun,StartTime,8:50,Place,University
ID,activity1060,NpcID,npc007,Date,Sun,StartTime,9:10,Place,University
ID,activity1061,NpcID,npc007,Date,Sun,StartTime,10:30,Place,University
ID,activity1062,NpcID,npc007,Date,Sun,StartTime,10:40,Place,University
ID,activity1063,NpcID,npc007,Date,Sun,StartTime,12:30,Place,University
ID,activity1064,NpcID,npc007,Date,Sun,StartTime,12:40,Place,Secret
ID,activity1065,NpcID,npc007,Date,Sun,StartTime,13:00,Place,Food
ID,activity1066,NpcID,npc007,Date,Sun,StartTime,13:30,Place,Secret
ID,activity1067,NpcID,npc007,Date,Sun,StartTime,13:50,Place,Park
ID,activity1068,NpcID,npc007,Date,Sun,StartTime,14:30,Place,Secret
ID,activity1069,NpcID,npc007,Date,Sun,StartTime,14:40,Place,Food
ID,activity1070,NpcID,npc007,Date,Sun,StartTime,15:00,Place,Secret
ID,activity1071,NpcID,npc007,Date,Sun,StartTime,15:20,Place,University
ID,activity1072,NpcID,npc007,Date,Sun,StartTime,18:00,Place,Secret
ID,activity1073,NpcID,npc007,Date,Sun,StartTime,18:10,Place,Food
ID,activity1074,NpcID,npc007,Date,Sun,StartTime,18:30,Place,Secret
ID,activity1075,NpcID,npc007,Date,Sun,StartTime,18:40,Place,Clothing
ID,activity1076,NpcID,npc007,Date,Sun,StartTime,21:00,Place,Secret
ID,activity1077,NpcID,npc007,Date,Sun,StartTime,21:30,Place,Clothing
ID,activity1078,NpcID,npc007,Date,Sun,StartTime,23:50,Place,Clothing
ID,activity1079,NpcID,npc008,Date,Mon,StartTime,0:00,Place,Clothing
ID,activity1080,NpcID,npc008,Date,Mon,StartTime,8:30,Place,Secret
ID,activity1081,NpcID,npc008,Date,Mon,StartTime,8:50,Place,University
ID,activity1082,NpcID,npc008,Date,Mon,StartTime,9:10,Place,University
ID,activity1083,NpcID,npc008,Date,Mon,StartTime,10:30,Place,University
ID,activity1084,NpcID,npc008,Date,Mon,StartTime,10:40,Place,University
ID,activity1085,NpcID,npc008,Date,Mon,StartTime,12:30,Place,University
ID,activity1086,NpcID,npc008,Date,Mon,StartTime,12:40,Place,Secret
ID,activity1087,NpcID,npc008,Date,Mon,StartTime,13:00,Place,Food
ID,activity1088,NpcID,npc008,Date,Mon,StartTime,13:30,Place,Secret
ID,activity1089,NpcID,npc008,Date,Mon,StartTime,13:50,Place,Park
ID,activity1090,NpcID,npc008,Date,Mon,StartTime,14:30,Place,Secret
ID,activity1091,NpcID,npc008,Date,Mon,StartTime,14:40,Place,Food
ID,activity1092,NpcID,npc008,Date,Mon,StartTime,15:00,Place,Secret
ID,activity1093,NpcID,npc008,Date,Mon,StartTime,15:20,Place,University
ID,activity1094,NpcID,npc008,Date,Mon,StartTime,18:00,Place,Secret
ID,activity1095,NpcID,npc008,Date,Mon,StartTime,18:10,Place,Food
ID,activity1096,NpcID,npc008,Date,Mon,StartTime,18:30,Place,Secret
ID,activity1097,NpcID,npc008,Date,Mon,StartTime,18:40,Place,Clothing
ID,activity1098,NpcID,npc008,Date,Mon,StartTime,21:00,Place,Secret
ID,activity1099,NpcID,npc008,Date,Mon,StartTime,21:30,Place,Clothing
ID,activity1100,NpcID,npc008,Date,Mon,StartTime,23:50,Place,Clothing
ID,activity1101,NpcID,npc008,Date,Tue,StartTime,0:00,Place,Clothing
ID,activity1102,NpcID,npc008,Date,Tue,StartTime,8:30,Place,Secret
ID,activity1103,NpcID,npc008,Date,Tue,StartTime,8:50,Place,University
ID,activity1104,NpcID,npc008,Date,Tue,StartTime,9:10,Place,University
ID,activity1105,NpcID,npc008,Date,Tue,StartTime,10:30,Place,University
ID,activity1106,NpcID,npc008,Date,Tue,StartTime,10:40,Place,University
ID,activity1107,NpcID,npc008,Date,Tue,StartTime,12:30,Place,University
ID,activity1108,NpcID,npc008,Date,Tue,StartTime,12:40,Place,Secret
ID,activity1109,NpcID,npc008,Date,Tue,StartTime,13:00,Place,Food
ID,activity1110,NpcID,npc008,Date,Tue,StartTime,13:30,Place,Secret
ID,activity1111,NpcID,npc008,Date,Tue,StartTime,13:50,Place,Park
ID,activity1112,NpcID,npc008,Date,Tue,StartTime,14:30,Place,Secret
ID,activity1113,NpcID,npc008,Date,Tue,StartTime,14:40,Place,Food
ID,activity1114,NpcID,npc008,Date,Tue,StartTime,15:00,Place,Secret
ID,activity1115,NpcID,npc008,Date,Tue,StartTime,15:20,Place,University
ID,activity1116,NpcID,npc008,Date,Tue,StartTime,18:00,Place,Secret
ID,activity1117,NpcID,npc008,Date,Tue,StartTime,18:10,Place,Food
ID,activity1118,NpcID,npc008,Date,Tue,StartTime,18:30,Place,Secret
ID,activity1119,NpcID,npc008,Date,Tue,StartTime,18:40,Place,Clothing
ID,activity1120,NpcID,npc008,Date,Tue,StartTime,21:00,Place,Secret
ID,activity1121,NpcID,npc008,Date,Tue,StartTime,21:30,Place,Clothing
ID,activity1122,NpcID,npc008,Date,Tue,StartTime,23:50,Place,Clothing
ID,activity1123,NpcID,npc008,Date,Wed,StartTime,0:00,Place,Clothing
ID,activity1124,NpcID,npc008,Date,Wed,StartTime,8:30,Place,Secret
ID,activity1125,NpcID,npc008,Date,Wed,StartTime,8:50,Place,University
ID,activity1126,NpcID,npc008,Date,Wed,StartTime,9:10,Place,University
ID,activity1127,NpcID,npc008,Date,Wed,StartTime,10:30,Place,University
ID,activity1128,NpcID,npc008,Date,Wed,StartTime,10:40,Place,University
ID,activity1129,NpcID,npc008,Date,Wed,StartTime,12:30,Place,University
ID,activity1130,NpcID,npc008,Date,Wed,StartTime,12:40,Place,Secret
ID,activity1131,NpcID,npc008,Date,Wed,StartTime,13:00,Place,Food
ID,activity1132,NpcID,npc008,Date,Wed,StartTime,13:30,Place,Secret
ID,activity1133,NpcID,npc008,Date,Wed,StartTime,13:50,Place,Park
ID,activity1134,NpcID,npc008,Date,Wed,StartTime,14:30,Place,Secret
ID,activity1135,NpcID,npc008,Date,Wed,StartTime,14:40,Place,Food
ID,activity1136,NpcID,npc008,Date,Wed,StartTime,15:00,Place,Secret
ID,activity1137,NpcID,npc008,Date,Wed,StartTime,15:20,Place,University
ID,activity1138,NpcID,npc008,Date,Wed,StartTime,18:00,Place,Secret
ID,activity1139,NpcID,npc008,Date,Wed,StartTime,18:10,Place,Food
ID,activity1140,NpcID,npc008,Date,Wed,StartTime,18:30,Place,Secret
ID,activity1141,NpcID,npc008,Date,Wed,StartTime,18:40,Place,Clothing
ID,activity1142,NpcID,npc008,Date,Wed,StartTime,21:00,Place,Secret
ID,activity1143,NpcID,npc008,Date,Wed,StartTime,21:30,Place,Clothing
ID,activity1144,NpcID,npc008,Date,Wed,StartTime,23:50,Place,Clothing
ID,activity1145,NpcID,npc008,Date,Thu,StartTime,0:00,Place,Clothing
ID,activity1146,NpcID,npc008,Date,Thu,StartTime,8:30,Place,Secret
ID,activity1147,NpcID,npc008,Date,Thu,StartTime,8:50,Place,University
ID,activity1148,NpcID,npc008,Date,Thu,StartTime,9:10,Place,University
ID,activity1149,NpcID,npc008,Date,Thu,StartTime,10:30,Place,University
ID,activity1150,NpcID,npc008,Date,Thu,StartTime,10:40,Place,University
ID,activity1151,NpcID,npc008,Date,Thu,StartTime,12:30,Place,University
ID,activity1152,NpcID,npc008,Date,Thu,StartTime,12:40,Place,Secret
ID,activity1153,NpcID,npc008,Date,Thu,StartTime,13:00,Place,Food
ID,activity1154,NpcID,npc008,Date,Thu,StartTime,13:30,Place,Secret
ID,activity1155,NpcID,npc008,Date,Thu,StartTime,13:50,Place,Park
ID,activity1156,NpcID,npc008,Date,Thu,StartTime,14:30,Place,Secret
ID,activity1157,NpcID,npc008,Date,Thu,StartTime,14:40,Place,Food
ID,activity1158,NpcID,npc008,Date,Thu,StartTime,15:00,Place,Secret
ID,activity1159,NpcID,npc008,Date,Thu,StartTime,15:20,Place,University
ID,activity1160,NpcID,npc008,Date,Thu,StartTime,18:00,Place,Secret
ID,activity1161,NpcID,npc008,Date,Thu,StartTime,18:10,Place,Food
ID,activity1162,NpcID,npc008,Date,Thu,StartTime,18:30,Place,Secret
ID,activity1163,NpcID,npc008,Date,Thu,StartTime,18:40,Place,Clothing
ID,activity1164,NpcID,npc008,Date,Thu,StartTime,21:00,Place,Secret
ID,activity1165,NpcID,npc008,Date,Thu,StartTime,21:30,Place,Clothing
ID,activity1166,NpcID,npc008,Date,Thu,StartTime,23:50,Place,Clothing
ID,activity1167,NpcID,npc008,Date,Fri,StartTime,0:00,Place,Clothing
ID,activity1168,NpcID,npc008,Date,Fri,StartTime,8:30,Place,Secret
ID,activity1169,NpcID,npc008,Date,Fri,StartTime,8:50,Place,University
ID,activity1170,NpcID,npc008,Date,Fri,StartTime,9:10,Place,University
ID,activity1171,NpcID,npc008,Date,Fri,StartTime,10:30,Place,University
ID,activity1172,NpcID,npc008,Date,Fri,StartTime,10:40,Place,University
ID,activity1173,NpcID,npc008,Date,Fri,StartTime,12:30,Place,University
ID,activity1174,NpcID,npc008,Date,Fri,StartTime,12:40,Place,Secret
ID,activity1175,NpcID,npc008,Date,Fri,StartTime,13:00,Place,Food
ID,activity1176,NpcID,npc008,Date,Fri,StartTime,13:30,Place,Secret
ID,activity1177,NpcID,npc008,Date,Fri,StartTime,13:50,Place,Park
ID,activity1178,NpcID,npc008,Date,Fri,StartTime,14:30,Place,Secret
ID,activity1179,NpcID,npc008,Date,Fri,StartTime,14:40,Place,Food
ID,activity1180,NpcID,npc008,Date,Fri,StartTime,15:00,Place,Secret
ID,activity1181,NpcID,npc008,Date,Fri,StartTime,15:20,Place,University
ID,activity1182,NpcID,npc008,Date,Fri,StartTime,18:00,Place,Secret
ID,activity1183,NpcID,npc008,Date,Fri,StartTime,18:10,Place,Food
ID,activity1184,NpcID,npc008,Date,Fri,StartTime,18:30,Place,Secret
ID,activity1185,NpcID,npc008,Date,Fri,StartTime,18:40,Place,Clothing
ID,activity1186,NpcID,npc008,Date,Fri,StartTime,21:00,Place,Secret
ID,activity1187,NpcID,npc008,Date,Fri,StartTime,21:30,Place,Clothing
ID,activity1188,NpcID,npc008,Date,Fri,StartTime,23:50,Place,Clothing
ID,activity1189,NpcID,npc008,Date,Sat,StartTime,0:00,Place,Clothing
ID,activity1190,NpcID,npc008,Date,Sat,StartTime,8:30,Place,Secret
ID,activity1191,NpcID,npc008,Date,Sat,StartTime,8:50,Place,University
ID,activity1192,NpcID,npc008,Date,Sat,StartTime,9:10,Place,University
ID,activity1193,NpcID,npc008,Date,Sat,StartTime,10:30,Place,University
ID,activity1194,NpcID,npc008,Date,Sat,StartTime,10:40,Place,University
ID,activity1195,NpcID,npc008,Date,Sat,StartTime,12:30,Place,University
ID,activity1196,NpcID,npc008,Date,Sat,StartTime,12:40,Place,Secret
ID,activity1197,NpcID,npc008,Date,Sat,StartTime,13:00,Place,Food
ID,activity1198,NpcID,npc008,Date,Sat,StartTime,13:30,Place,Secret
ID,activity1199,NpcID,npc008,Date,Sat,StartTime,13:50,Place,Park
ID,activity1200,NpcID,npc008,Date,Sat,StartTime,14:30,Place,Secret
ID,activity1201,NpcID,npc008,Date,Sat,StartTime,14:40,Place,Food
ID,activity1202,NpcID,npc008,Date,Sat,StartTime,15:00,Place,Secret
ID,activity1203,NpcID,npc008,Date,Sat,StartTime,15:20,Place,University
ID,activity1204,NpcID,npc008,Date,Sat,StartTime,18:00,Place,Secret
ID,activity1205,NpcID,npc008,Date,Sat,StartTime,18:10,Place,Food
ID,activity1206,NpcID,npc008,Date,Sat,StartTime,18:30,Place,Secret
ID,activity1207,NpcID,npc008,Date,Sat,StartTime,18:40,Place,Clothing
ID,activity1208,NpcID,npc008,Date,Sat,StartTime,21:00,Place,Secret
ID,activity1209,NpcID,npc008,Date,Sat,StartTime,21:30,Place,Clothing
ID,activity1210,NpcID,npc008,Date,Sat,StartTime,23:50,Place,Clothing
ID,activity1211,NpcID,npc008,Date,Sun,StartTime,0:00,Place,Clothing
ID,activity1212,NpcID,npc008,Date,Sun,StartTime,8:30,Place,Secret
ID,activity1213,NpcID,npc008,Date,Sun,StartTime,8:50,Place,University
ID,activity1214,NpcID,npc008,Date,Sun,StartTime,9:10,Place,University
ID,activity1215,NpcID,npc008,Date,Sun,StartTime,10:30,Place,University
ID,activity1216,NpcID,npc008,Date,Sun,StartTime,10:40,Place,University
ID,activity1217,NpcID,npc008,Date,Sun,StartTime,12:30,Place,University
ID,activity1218,NpcID,npc008,Date,Sun,StartTime,12:40,Place,Secret
ID,activity1219,NpcID,npc008,Date,Sun,StartTime,13:00,Place,Food
ID,activity1220,NpcID,npc008,Date,Sun,StartTime,13:30,Place,Secret
ID,activity1221,NpcID,npc008,Date,Sun,StartTime,13:50,Place,Park
ID,activity1222,NpcID,npc008,Date,Sun,StartTime,14:30,Place,Secret
ID,activity1223,NpcID,npc008,Date,Sun,StartTime,14:40,Place,Food
ID,activity1224,NpcID,npc008,Date,Sun,StartTime,15:00,Place,Secret
ID,activity1225,NpcID,npc008,Date,Sun,StartTime,15:20,Place,University
ID,activity1226,NpcID,npc008,Date,Sun,StartTime,18:00,Place,Secret
ID,activity1227,NpcID,npc008,Date,Sun,StartTime,18:10,Place,Food
ID,activity1228,NpcID,npc008,Date,Sun,StartTime,18:30,Place,Secret
ID,activity1229,NpcID,npc008,Date,Sun,StartTime,18:40,Place,Clothing
ID,activity1230,NpcID,npc008,Date,Sun,StartTime,21:00,Place,Secret
ID,activity1231,NpcID,npc008,Date,Sun,StartTime,21:30,Place,Clothing
ID,activity1232,NpcID,npc008,Date,Sun,StartTime,23:50,Place,Clothing
